14.1295,120.9332,Cavite
14.3656,121.387,Laguna
14.4084,121.4052,Laguna
14.527,121.4373,Laguna
13.7142,121.0645,Batangas
14.6187,121.1405,Rizal
14.6296,121.1202,Rizal
13.8937,122.454,Quezon
14.3656,121.6596,Quezon
13.6214,122.5185,Quezon
13.0965,121.3455,Oriental Mindoro
14.2898,122.6917,Camarines Norte
7.0965,121.9032,Zamboanga Peninsula
17.1677,121.8972,Isabela
16.4792,121.0457,Nueva Vizcaya
16.9919,121.1694,Ifugao
16.6486,121.0932,Ifugao
17.5031,121.2347,Kalinga
17.0469,120.9358,Mountain Province
14.2201,121.7464,Quezon
14.8436,121.9694,Quezon
14.4321,121.214,Rizal
12.6714,121.3914,Oriental Mindoro
13.5283,121.8681,Marinduque
14.2757,122.6781,Camarines Norte
14.2894,122.6692,Camarines Norte
14.284,122.7127,Camarines Norte
14.2991,122.7001,Camarines Norte
13.514,123.3809,Camarines Sur
13.4721,123.5262,Camarines Sur
13.8785,123.671,Camarines Sur
13.776,123.5175,Camarines Sur
13.7299,123.5921,Camarines Sur
13.7112,123.6531,Camarines Sur
13.6892,123.8126,Camarines Sur
13.771,123.7502,Camarines Sur
13.7101,123.7428,Camarines Sur
13.5405,123.578,Camarines Sur
13.9229,123.3342,Camarines Sur
13.8322,124.3986,Catanduanes
12.1546,123.9052,Masbate
12.8693,124.131,Sorsogon
12.8809,124.06,Sorsogon
12.8737,124.0076,Sorsogon
12.8751,124.0476,Sorsogon
12.857,123.9581,Sorsogon
12.8443,123.9441,Sorsogon
12.7813,123.9179,Sorsogon
12.6,124.0757,Sorsogon
12.9903,123.8887,Sorsogon
10.9603,122.6707,Iloilo
10.7087,123.0696,Negros Occidental
10.7383,123.1829,Negros Occidental
9.8439,124.4318,Bohol
9.8089,124.4541,Bohol
12.4487,124.616,Northern Samar
11.5855,125.3918,Eastern Samar
8.041,124.8219,Bukidnon
7.8175,126.1113,Davao de Oro
7.8175,126.1113,Davao de Oro
7.4009,126.0264,Davao de Oro
7.4178,126.0526,Davao de Oro
7.3773,126.0266,Davao de Oro
7.4149,125.9845,Davao de Oro
7.4117,126.112,Davao de Oro
7.3866,126.1134,Davao de Oro
7.3678,126.1487,Davao de Oro
7.5088,125.9207,Davao de Oro
7.4858,125.9097,Davao de Oro
7.5429,126.074,Davao de Oro
6.1068,124.4669,Sarangani
20.4336,121.9598,Batanes
18.128,121.579,Cagayan
7.7026,126.2305,Davao Oriental
7.6844,126.1114,Davao de Oro
7.9783,125.8528,Davao de Oro
7.8899,125.7733,Davao de Oro
7.9668,125.7551,Davao de Oro
7.909,125.795,Davao de Oro
7.8966,125.9003,Davao de Oro
7.8805,125.7036,Davao de Oro
7.8516,125.759,Davao de Oro
7.7509,125.8158,Davao de Oro
7.294,126.1039,Davao de Oro
7.3594,126.1518,Davao de Oro
7.3182,126.0779,Davao de Oro
7.3411,126.2278,Davao de Oro
7.8232,126.1769,Davao de Oro
7.8232,126.1769,Davao de Oro
7.8232,126.1769,Davao de Oro
7.824,126.034,Davao de Oro
7.824,126.034,Davao de Oro
7.8889,126.0797,Davao de Oro
7.7592,126.0093,Davao de Oro
7.7331,125.9659,Davao de Oro
7.7547,125.9505,Davao de Oro
7.7547,125.9505,Davao de Oro
7.7276,125.992,Davao de Oro
7.3306,126.5158,Davao Oriental
7.4256,126.491,Davao Oriental
7.4022,126.5511,Davao Oriental
6.5478,125.3874,Davao del Sur
16.3782,121.1145,Nueva Vizcaya
16.525,121.028,Nueva Vizcaya
16.3793,120.9772,Nueva Vizcaya
14.4774,121.19,Rizal
16.224,120.4506,La Union
14.8753,120.1848,Zambales
14.3178,121.0249,Cavite
14.3156,121.0144,Cavite
14.3275,121.0272,Cavite
14.6332,121.1383,Rizal
14.6296,121.1202,Rizal
14.5861,121.1822,Rizal
12.6672,123.9858,Sorsogon
11.8567,122.0464,Aklan
17.1452,120.5291,Ilocos Sur
16.846255,120.4843,La Union
16.846255,120.4843,La Union
16.846255,120.4843,La Union
16.8504,120.5527,Ilocos Sur
14.5743502,121.14904,Rizal
14.57439,121.131,Rizal
14.57439,121.131,Rizal
14.5772,121.1336,Rizal
14.5861,121.1822,Rizal
14.576,121.1714,Rizal
14.5814354,121.1992008,Rizal
14.6317528,121.14771,Rizal
14.7056049,121.2484,Rizal
9.2519,122.8749,Negros Oriental
6.9971,121.9506,Zamboanga Peninsula
7.7541,123.1157,Zamboanga del Sur
5.4239,125.3801,Davao Occidental
7.1558,125.7542,Davao del Norte
8.48956,8.48956,Nasarawa State
9.7457,125.3973,Surigao del Norte
7.7853,124.6808,Lanao del Sur
14.1479,121.5927,Quezon
14.192,121.7333,Quezon
14.1081,121.6887,Quezon
14.56389,121.14444,Rizal
11.7453,125.4275,Eastern Samar
11.1895,125.3595,Eastern Samar
7.8222,126.0528,Davao de Oro
7.8222,126.0528,Davao de Oro
7.8232,126.1769,Davao de Oro
7.7914,126.0241,Davao de Oro
7.7474,126.0533,Davao de Oro
7.9285,126.0766,Davao de Oro
7.5075,126.102,Davao de Oro
7.3911,125.975,Davao de Oro
7.2757,126.1169,Davao de Oro
7.5621,125.9279,Davao de Oro
7.238,126.1248,Davao de Oro
7.2641,126.0889,Davao de Oro
7.8501,125.7249,Davao de Oro
7.2721,125.984,Davao de Oro
7.2721,125.984,Davao de Oro
7.8266,126.4012,Davao Oriental
7.8266,126.4012,Davao Oriental
7.8694,126.3755,Davao Oriental
7.9105,126.3509,Davao Oriental
7.1568,126.159,Davao Oriental
6.9928,126.1146,Davao Oriental
7.1552,126.1627,Davao Oriental
7.0815,126.1764,Davao Oriental
7.0815,126.1764,Davao Oriental
6.9523,126.1125,Davao Oriental
6.9356,126.1826,Davao Oriental
6.9577,126.2071,Davao Oriental
7.0097,126.3196,Davao Oriental
7.3186,125.2738,Davao Region
8.0211,126.1614,Agusan del Sur
8.0445,126.063,Agusan del Sur
7.989,126.1814,Davao Oriental
8.0403,126.1334,Agusan del Sur
8.0101,126.1242,Agusan del Sur
8.0189,126.0933,Agusan del Sur
8.0274,125.8927,Agusan del Sur
8.024,125.6215,Agusan del Sur
8.4933,125.7312,Agusan del Sur
8.4993,125.7367,Agusan del Sur
8.8599,125.5892,Caraga
8.5559,126.0836,Surigao del Sur
7.4086,126.1287,Davao de Oro
7.3411,126.2278,Davao de Oro
7.6844,126.1114,Davao de Oro
14.1219,121.7418,Quezon
14.1286,121.7326,Quezon
14.1088,121.753,Quezon
12.9172,124.1116,Sorsogon
12.8578,124.1433,Sorsogon
14.3198,122.5422,Camarines Norte
14.2965,122.4713,Camarines Norte
14.2847,122.6763,Camarines Norte
14.2991,122.7001,Camarines Norte
14.2894,122.6692,Camarines Norte
14.284,122.7127,Camarines Norte
14.2516,122.6556,Camarines Norte
12.4582,124.6429,Northern Samar
17.8824,120.4802,Ilocos Sur
18.1466,121.73,Cagayan
17.6691,121.7878,Cagayan
14.5999,120.5791,Bataan
14.3152,120.9156,Cavite
14.7012,121.1325,Rizal
14.6618,121.1447,Rizal
14.6803,121.1181,Rizal
12.8935,120.8677,Occidental Mindoro
12.0358,120.0162,Palawan
11.8904,120.0211,Palawan
11.8884,119.9951,Palawan
16.7118,120.7017,Benguet
14.5692,121.1352,Rizal
14.5923,121.2727,Rizal
11.5894,122.0977,Antique
10.4955,121.9525,Antique
11.8567,122.0464,Aklan
10.5642,122.0895,Iloilo
10.3856,124.9806,Southern Leyte
18.5191,120.8757,Ilocos Norte
16.2244,119.8625,Pangasinan
16.2334,119.8578,Pangasinan
16.237,119.8052,Pangasinan
14.62008,121.2094,Rizal
14.6097,121.1613,Rizal
11.1636,119.4139,Palawan
10.4769,121.9295,Antique
16.5545,120.4777,La Union
16.7629,120.5108,La Union
16.6341,120.3293,La Union
16.6233,120.4867,La Union
17.1328,120.67606,Ilocos Sur
7.3911,125.975,Davao de Oro
7.4035,126.0136,Davao de Oro
7.3575,125.8802,Davao de Oro
7.3011,125.9712,Davao de Oro
7.2531,125.9906,Davao de Oro
7.2871,126.1451,Davao de Oro
7.008,126.2853,Davao Oriental
13.7299,123.5921,Camarines Sur
13.771,123.7502,Camarines Sur
13.7273,123.7398,Camarines Sur
13.8026,122.9023,Camarines Sur
13.9352,123.6601,Camarines Sur
14.18809,122.92357,Camarines Norte
14.28588,122.6758,Camarines Norte
18.1301,121.6802,Cagayan
13.9052,124.325,Catanduanes
13.7647,124.1314,Catanduanes
13.6275,124.3077,Catanduanes
13.7727,123.8391,Camarines Sur
13.8021,124.4149,Catanduanes
13.8731,124.3332,Catanduanes
12.8409,123.9831,Sorsogon
12.9773,123.8953,Sorsogon
11.2923,122.5841,Capiz
9.9323,122.6042,Negros Occidental
10.9781,124.7491,Leyte
8.6006,123.433,Zamboanga del Norte
8.479,123.3227,Zamboanga del Norte
7.891,126.0626,Davao de Oro
7.8197,126.1773,Davao de Oro
7.8413,125.9816,Davao de Oro
7.6844,126.1114,Davao de Oro
7.4149,125.9845,Davao de Oro
6.9865,125.1641,North Cotabato
6.1113,125.514,Sarangani
8.9167,125.6435,Caraga
8.932,125.6598,Caraga
14.0433,121.2506,Laguna
14.2311,121.5081,Laguna
14.1571,121.3718,Laguna
14.4084,121.4052,Laguna
14.0871,121.409,Laguna
11.8561,119.9404,Palawan
12.2512,120.0102,Palawan
10.4526,123.0553,Negros Occidental
10.3751,123.8524,Central Visayas
10.3981,123.9047,Central Visayas
10.4094,123.8681,Central Visayas
10.3322,123.8835,Central Visayas
10.3367,123.8425,Central Visayas
10.3292,123.8872,Central Visayas
10.4278,123.8889,Central Visayas
10.3957,123.8508,Central Visayas
10.3771,123.9195,Central Visayas
10.3353,123.8725,Central Visayas
10.4141,123.8722,Central Visayas
10.4249,123.9149,Central Visayas
10.4346,123.9097,Central Visayas
10.4416,123.8387,Central Visayas
10.3367,123.8425,Central Visayas
10.3151,123.8485,Central Visayas
10.3476,123.913,Central Visayas
9.9781,125.2745,Southern Leyte
8.2249,123.1103,Zamboanga del Norte
9.5887,125.4111,Surigao del Norte
6.8556,124.1437,Maguindanao del Sur
18.4653,121.3413,Cagayan
16.6017,120.3894,La Union
16.5789,120.3843,La Union
16.621,120.4606,La Union
16.8787,120.5112,Ilocos Sur
16.4111,16.4111,Borkou
16.4168,120.6151,Cordillera Administrative Region
18.5601,120.7887,Ilocos Norte
16.5806,120.4723,La Union
16.5726,120.3783,La Union
17.5257,120.3945,Ilocos Sur
14.587,121.1758,Rizal
13.2293,123.5685,Albay
13.1954,123.5935,Albay
13.17,123.6065,Albay
7.0587,125.569,Davao Region
8.8483,125.5276,Caraga
8.932,125.6598,Caraga
8.8259,125.6261,Caraga
7.7946,124.1672,Lanao del Sur
11.438,122.9934,Capiz
11.3843,123.0574,Iloilo
11.2198,122.5726,Iloilo
11.1711,122.569,Iloilo
11.1604,122.4237,Iloilo
11.1209,122.5776,Iloilo
11.1317,122.538,Iloilo
11.1574,122.4307,Iloilo
11.1162,122.5276,Iloilo
11.1787,122.5385,Iloilo
10.6352,122.9579,Negros Island Region
10.6985,123.1732,Negros Occidental
10.7551,123.0845,Negros Occidental
10.497,123.3599,Negros Occidental
11.1091,122.0908,Antique
11.12,122.0918,Antique
11.1279,122.1193,Antique
11.0632,122.1376,Antique
10.1821,124.8379,Southern Leyte
10.2162,124.8761,Southern Leyte
10.43,125.0076,Southern Leyte
10.6652,124.8218,Leyte
10.6245,124.9242,Leyte
10.6789,124.8223,Leyte
10.5785,124.8703,Leyte
10.6324,124.7791,Leyte
10.6377,124.8639,Leyte
10.9465,124.4447,Leyte
10.9356,124.4728,Leyte
10.3932,124.8132,Leyte
10.7061,125.0064,Leyte
10.9066,124.9608,Leyte
11.3206,124.5665,Leyte
10.3461,124.8195,Leyte
11.1521,124.8327,Leyte
10.6322,124.9329,Leyte
11.1062,125.2117,Samar
11.6199,124.7865,Samar
11.4519,124.9631,Samar
11.565,124.9281,Samar
8.5069,124.7537,Northern Mindanao
8.5568,123.6451,Misamis Occidental
7.5429,126.074,Davao de Oro
7.3725,126.1401,Davao de Oro
6.6994,124.377,Sultan Kudarat
7.989,126.1814,Davao Oriental
8.0101,126.1242,Agusan del Sur
14.7064,121.5992,Quezon
10.7129,123.4391,Negros Occidental
10.7088,123.396,Negros Occidental
10.715,123.3788,Negros Occidental
10.7393,123.4455,Negros Occidental
10.7281,123.4866,Negros Occidental
18.4945,120.9932,Cagayan
18.0976,121.4967,Cagayan
18.4756,121.3335,Cagayan
17.9069,121.7737,Cagayan
17.9001,121.8509,Cagayan
16.4251,121.3239,Nueva Vizcaya
16.9619,121.0601,Ifugao
16.6962,121.2282,Ifugao
16.9266,121.4588,Ifugao
17.55,120.9456,Abra
14.147,121.0037,Cavite
14.1214,121.3035,Laguna
14.4084,121.4052,Laguna
14.2176,121.1241,Laguna
14.4864,121.2333,Rizal
14.0135,121.5924,Quezon
14.5518,121.5715,Quezon
13.325,122.5347,Quezon
13.5376,122.4438,Quezon
13.9512,122.2959,Quezon
13.6214,122.5185,Quezon
13.907,122.447,Quezon
13.936,122.0774,Quezon
13.8591,122.295,Quezon
14.0054,122.1812,Quezon
12.6218,122.076,Romblon
12.3254,121.3435,Oriental Mindoro
14.2712,122.7809,Camarines Norte
14.1876,122.5077,Camarines Norte
13.9512,122.2959,Quezon
14.1557,121.4904,Laguna
14.1869,121.5067,Laguna
14.319,121.0505,Cavite
14.1696,120.9245,Cavite
13.9294,121.821,Quezon
18.3263,122.2571,Cagayan
16.3642,121.3566,Nueva Vizcaya
16.358,120.8871,Nueva Vizcaya
16.8973,120.7978,Mountain Province
16.8388,121.0049,Ifugao
17.4001,121.1628,Kalinga
17.1638,121.0706,Mountain Province
9.2519,122.8749,Negros Oriental
14.0613,121.2424,Laguna
14.3609,121.4842,Laguna
14.5091,121.4072,Laguna
14.4783,121.4465,Laguna
14.2644,121.463,Laguna
13.7336,121.0767,Batangas
13.9741,120.6778,Batangas
13.9208,121.0432,Batangas
14.0189,120.9353,Batangas
13.9472,121.0826,Batangas
13.1238,121.2609,Oriental Mindoro
14.6267,121.1795,Rizal
13.8815,124.1538,Catanduanes
13.4895,123.6197,Albay
14.2803,122.788,Camarines Norte
14.1555,122.8309,Camarines Norte
16.2233,121.6572,Quirino
16.2282,121.1336,Nueva Vizcaya
14.5725,121.5481,Quezon
14.483,121.5466,Quezon
13.2209,124.0345,Albay
13.6648,124.3825,Catanduanes
13.6882,124.3923,Catanduanes
13.6548,124.378,Catanduanes
13.6586,124.3493,Catanduanes
13.6262,124.2994,Catanduanes
13.6141,124.2977,Catanduanes
13.8021,124.4149,Catanduanes
13.6404,124.3192,Catanduanes
13.8731,124.3332,Catanduanes
13.8621,124.3982,Catanduanes
13.87,124.3885,Catanduanes
9.8946,124.4726,Bohol
9.8641,124.4633,Bohol
9.8796,124.4241,Bohol
11.3542,124.8091,Leyte
11.4071,124.812,Leyte
11.3003,124.4672,Leyte
12.4783,124.6378,Northern Samar
12.3825,124.3354,Northern Samar
12.2949,124.5644,Samar
10.3372,125.1395,Southern Leyte
8.4719,123.1295,Zamboanga del Norte
8.1052,122.9965,Zamboanga del Norte
7.8232,126.1769,Davao de Oro
7.8805,125.7036,Davao de Oro
7.909,125.7954,Davao de Oro
7.9204,125.8072,Davao de Oro
7.9473,125.7065,Davao de Oro
7.9622,125.8333,Agusan del Sur
7.939,125.7438,Davao de Oro
7.7421,125.7638,Davao de Oro
7.9622,125.8333,Agusan del Sur
7.7352,126.5023,Davao Oriental
7.9105,126.3509,Davao Oriental
7.8757,126.335,Davao Oriental
7.8407,126.3708,Davao Oriental
10.0705,125.6072,Dinagat Islands
10.0093,125.5747,Dinagat Islands
9.9532,125.6079,Dinagat Islands
9.9593,125.5911,Dinagat Islands
9.7184,125.6354,Surigao del Norte
9.653,125.6041,Surigao del Norte
9.4966,125.4364,Surigao del Norte
9.5898,125.5602,Surigao del Norte
8.9167,125.6435,Caraga
8.9297,125.5083,Caraga
8.932,125.6598,Caraga
9.0573,125.225,Agusan del Norte
7.0897,124.1894,Maguindanao del Norte
7.1355,124.0617,Maguindanao del Norte
7.9196,124.1784,Lanao del Sur
7.7158,126.1043,Davao de Oro
7.5429,126.074,Davao de Oro
7.5973,126.0908,Davao de Oro
7.6109,126.125,Davao de Oro
7.602,126.1371,Davao de Oro
7.3866,126.1134,Davao de Oro
7.3678,126.1487,Davao de Oro
7.2812,126.2358,Davao de Oro
7.2871,126.1451,Davao de Oro
7.384,126.147,Davao de Oro
7.4117,126.112,Davao de Oro
7.4086,126.1287,Davao de Oro
7.5065,125.8948,Davao de Oro
7.4858,125.9097,Davao de Oro
7.582,125.9329,Davao de Oro
7.6228,125.9408,Davao de Oro
7.5836,126.0094,Davao de Oro
7.4804,126.0321,Davao de Oro
7.601,125.9643,Davao de Oro
7.5154,126.0358,Davao de Oro
7.5984,125.9424,Davao de Oro
7.4149,125.9845,Davao de Oro
7.4178,126.0526,Davao de Oro
7.4041,126.0569,Davao de Oro
7.4238,125.976,Davao de Oro
7.294,126.1039,Davao de Oro
7.1319,125.9453,Davao de Oro
7.1368,125.8874,Davao de Oro
7.8613,126.3342,Davao Oriental
7.8757,126.335,Davao Oriental
7.9105,126.3509,Davao Oriental
7.8266,126.4012,Davao Oriental
7.8694,126.3755,Davao Oriental
7.8949,126.2876,Davao Oriental
7.9235,126.2174,Davao Oriental
7.8407,126.3708,Davao Oriental
7.4021,126.5028,Davao Oriental
7.2815,126.4951,Davao Oriental
7.4211,126.4088,Davao Oriental
7.3313,126.4822,Davao Oriental
8.1788,125.9934,Agusan del Sur
8.1594,126.0106,Agusan del Sur
14.8304,120.2733,Central Luzon
12.3425,122.6824,Romblon
12.3912,121.3983,Oriental Mindoro
14.8598,121.0701,Bulacan
15.0299,120.7805,Pampanga
16.3171,120.903,Nueva Vizcaya
16.3827,120.8969,Nueva Vizcaya
16.4512,120.9173,Nueva Vizcaya
16.3407,120.8928,Nueva Vizcaya
16.3562,120.8919,Nueva Vizcaya
16.2894,120.8579,Nueva Vizcaya
16.3802,120.8702,Nueva Vizcaya
16.4471,120.9626,Nueva Vizcaya
16.3301,120.8681,Nueva Vizcaya
16.3617,120.8816,Nueva Vizcaya
14.3128,120.9627,Cavite
14.3181,120.9617,Cavite
13.7142,121.0645,Batangas
14.5861,121.1822,Rizal
14.6028,121.1974,Rizal
10.9356,124.4728,Leyte
10.8799,124.7413,Leyte
11.1077,124.4559,Leyte
11.1485,124.4703,Leyte
10.1654,124.8406,Southern Leyte
10.43,125.0076,Southern Leyte
5.5756,125.3528,Davao Occidental
6.3078,125.1286,South Cotabato
14.1329,121.5539,Quezon
14.117,121.5702,Quezon
14.1275,121.5278,Quezon
14.1345,121.6284,Quezon
14.157,121.6398,Quezon
12.2981,124.3481,Northern Samar
7.3707,125.8859,Davao de Oro
7.4763,125.8721,Davao de Oro
7.4528,125.8953,Davao de Oro
7.3773,126.0266,Davao de Oro
7.1083,126.0452,Davao Oriental
7.0134,125.9914,Davao Oriental
6.355,126.1988,Davao Oriental
6.8779,126.1703,Davao Oriental
8.0558,125.878,Agusan del Sur
8.0721,125.9549,Agusan del Sur
8.0257,125.9137,Agusan del Sur
8.0209,125.9137,Agusan del Sur
7.9436,125.903,Agusan del Sur
7.9876,125.8821,Agusan del Sur
7.9869,125.9357,Agusan del Sur
8.237,125.7801,Agusan del Sur
8.5854,125.7405,Agusan del Sur
8.091,126.3892,Surigao del Sur
7.9505,126.3561,Surigao del Sur
8.0318,126.3209,Agusan del Sur
8.3414,126.1186,Agusan del Sur
7.4571,126.1706,Davao de Oro
7.9668,125.7551,Davao de Oro
8.5854,125.7405,Agusan del Sur
8.7689,125.7137,Agusan del Sur
8.7102,125.7217,Agusan del Sur
11.4278,122.5666,Capiz
11.4071,124.812,Leyte
12.3758,125.0492,Northern Samar
12.424,125.0346,Northern Samar
12.3525,124.585,Northern Samar
12.3299,124.6465,Northern Samar
12.296,124.5971,Northern Samar
12.3637,124.924,Northern Samar
11.7836,124.8768,Samar
12.2079,124.5854,Samar
9.7619,125.5045,Surigao del Norte
19.3177,121.4801,Cagayan
14.4696,120.4787,Bataan
14.4929,120.5,Bataan
14.4361,120.473,Bataan
14.4696,120.4787,Bataan
14.9715,120.1567,Zambales
14.9746,120.2118,Zambales
10.6344,122.6212,Guimaras
10.7898,122.3205,Iloilo
10.7808,122.2845,Iloilo
11.0574,122.4793,Iloilo
10.9426,122.3776,Iloilo
10.9232,122.3935,Iloilo
10.9459,122.4532,Iloilo
13.5038,120.9075,Oriental Mindoro
11.5278,122.122,Antique
11.012,122.1632,Antique
10.9511,122.0411,Antique
9.4455,122.5888,Negros Occidental
10.6472,122.0262,Antique
9.7425,122.4932,Negros Occidental
12.4642,122.44,Romblon
13.1224,123.7292,Albay
13.7998349,124.2589415,Catanduanes
13.6752,124.0969,Catanduanes
12.8505,123.9029,Sorsogon
12.8655,123.8805,Sorsogon
13.0835095,123.9957977,Sorsogon
10.0296,125.017,Southern Leyte
10.0738,125.0228,Southern Leyte
8.5544,123.365,Zamboanga del Norte
8.391,123.2096,Zamboanga del Norte
8.4139,123.1904,Zamboanga del Norte
8.2412,123.1444,Zamboanga del Norte
6.5697956,126.0946718,Davao Oriental
7.8273,126.1332,Davao de Oro
7.8127,126.1846,Davao de Oro
16.6926,121.8819,Isabela
16.7103,121.8905,Isabela
16.426,121.1542,Nueva Vizcaya
14.1956,120.8628,Cavite
14.2028,121.1635,Laguna
13.8957,121.1058,Batangas
13.8868,120.975,Batangas
14.1091,120.9924,Batangas
14.0873,120.9665,Batangas
13.7681,121.1769,Batangas
14.5733,121.6188,Quezon
13.9948,121.835,Quezon
14.192,121.7333,Quezon
12.0499,120.1783,Palawan
11.8889,120.0214,Palawan
11.8884,119.9951,Palawan
11.8904,120.0211,Palawan
13.4752,121.9005,Marinduque
13.824,123.7612,Camarines Sur
13.7215,122.9813,Camarines Sur
13.6659,123.4384,Camarines Sur
13.7362,122.8481,Camarines Sur
13.7795,122.8708,Camarines Sur
13.771,123.7502,Camarines Sur
13.7101,123.7428,Camarines Sur
13.7313,123.6934,Camarines Sur
12.8223,123.8452,Sorsogon
12.9223,123.6725,Sorsogon
13.7998,124.2589,Catanduanes
11.4728,122.3224,Aklan
11.5032,122.4563,Aklan
11.5516,122.2691,Aklan
11.5516,122.2691,Aklan
11.5322,122.2842,Aklan
11.5344,122.2481,Aklan
11.542,122.2847,Aklan
11.4884,122.2696,Aklan
11.5105,122.295,Aklan
11.7652,122.2423,Aklan
11.7925,122.2232,Aklan
11.2642,122.0754,Antique
11.3945,122.1019,Antique
11.3961,122.0889,Antique
11.3771,122.0946,Antique
10.9068,122.0531,Antique
10.9015,122.0233,Antique
10.9044,122.0734,Antique
10.8256,122.0135,Antique
10.6587,122.0056,Antique
10.619,122.0215,Antique
10.4801,121.9545,Antique
10.5284,121.9815,Antique
10.5085,121.9322,Antique
10.5768,121.9663,Antique
10.4697,121.975,Antique
10.4948,121.925,Antique
10.503,121.9191,Antique
11.1904,122.0501,Antique
11.1931,122.0849,Antique
11.3794,122.5316,Capiz
10.5528,122.6488,Guimaras
11.0918,122.4255,Iloilo
11.1171,122.4585,Iloilo
11.1353,122.3324,Iloilo
11.055,122.5144,Iloilo
11.0249,122.5395,Iloilo
11.0382,122.5313,Iloilo
11.0385,122.46,Iloilo
11.1181,122.4527,Iloilo
11.3541,123.1283,Iloilo
9.8123,122.4486,Negros Occidental
10.8643,122.9871,Negros Occidental
9.7425,122.4932,Negros Occidental
10.4301,123.7621,Cebu
10.6329,123.9845,Cebu
9.9309,125.2966,Southern Leyte
10.3617,125.2385,Southern Leyte
9.9253,125.0796,Southern Leyte
10.1068,125.2161,Southern Leyte
10.3819,124.9206,Southern Leyte
10.177,124.8728,Southern Leyte
10.2463,124.8773,Southern Leyte
10.1986,124.8729,Southern Leyte
10.0738,125.0228,Southern Leyte
10.094,124.9983,Southern Leyte
10.1206,124.9247,Southern Leyte
12.2953,125.2864,Northern Samar
12.5731,125.1504,Northern Samar
10.9171,124.6951,Leyte
10.8844,124.7289,Leyte
10.8665,124.7248,Leyte
8.2629,123.0672,Zamboanga del Norte
8.2093,123.2108,Zamboanga del Norte
11.8824,122.0053,Aklan
11.37,122.8813,Capiz
11.3302,122.7119,Capiz
11.4224,122.9728,Capiz
11.4129,122.9871,Capiz
11.4834,122.9913,Capiz
11.4849,123.0639,Capiz
11.4564,122.9545,Capiz
11.4763,123.0207,Capiz
11.3021,122.7252,Capiz
11.2398,122.8371,Capiz
11.2241,122.8,Capiz
11.2617,122.7484,Capiz
11.2893,122.6534,Capiz
11.3516,122.6439,Capiz
11.2923,122.5841,Capiz
11.3533,122.6264,Capiz
11.3955,122.5479,Capiz
11.059,122.6982,Iloilo
11.1765,122.7498,Iloilo
11.1049,122.4161,Iloilo
11.1023,122.4353,Iloilo
11.0511,122.4773,Iloilo
11.0742,122.474,Iloilo
11.0707,122.4474,Iloilo
11.0574,122.4793,Iloilo
11.0764,122.4803,Iloilo
11.0461,122.4953,Iloilo
11.0942,122.4677,Iloilo
11.0407,122.4444,Iloilo
11.0838,122.4006,Iloilo
11.101,122.5294,Iloilo
11.0769,122.4352,Iloilo
10.7087,123.0696,Negros Occidental
10.6856,123.4943,Negros Occidental
11.1457,122.0845,Antique
11.1548,122.0934,Antique
11.1097,122.072,Antique
11.1732,122.0986,Antique
11.0099,122.0656,Antique
11.1955,122.0385,Antique
11.1904,122.0501,Antique
11.2006,122.0546,Antique
11.1841,122.0712,Antique
11.2075,122.0602,Antique
10.9044,122.0734,Antique
10.9106,122.015,Antique
10.9658,122.1211,Antique
11.013,122.1187,Antique
11.039,122.1415,Antique
11.0284,122.1352,Antique
10.7668,122.0705,Antique
10.7832,122.0721,Antique
11.3771,122.0946,Antique
7.5418,125.2141,Bukidnon
10.0649,119.1983,Palawan
10.0291,119.1234,Mimaropa
10.015,119.0718,Mimaropa
9.998,118.999,Mimaropa
9.986,118.967,Mimaropa
10.4876,125.1857,Southern Leyte
8.7089,125.5906,Agusan del Norte
10.7463,122.0864,Antique
10.7293,122.0634,Antique
10.7093,122.0643,Antique
10.6053,122.0227,Antique
10.7466,121.9499,Antique
10.7495,121.935,Antique
14.8239,121.1589,Rizal
15.596,121.4911,Aurora
16.7061,121.1089,Ifugao
10.7667,123.9833,Cebu
17.2961,121.1877,Kalinga
9.2774,122.8787,Negros Oriental
11.8006,125.3731,Eastern Samar
14.5894,121.07,Metro Manila
11.2326,124.9577,Leyte
8.9196,124.7837,Misamis Oriental
7.257,126.1579,Davao de Oro
16.3071,121.9836,Aurora
8.6251,125.9211,Agusan del Sur
16.5669,120.839,Benguet
7.0449,126.4497,Davao Oriental
10.47892965,125.0030939,Southern Leyte
7.4903,125.2586,Davao Region
17.4999,121.132,Kalinga
8.4359,124.5196,Misamis Oriental
11.1345,124.9677,Leyte
16.7515,120.7678,Benguet
11.78,124.89,Samar
16.0161,120.9637,Nueva Ecija
14.7333,121.6,Quezon
10.1943788,123.564923,Cebu
16.8358,121.0017,Ifugao
13.9176,122.1009,Quezon
9.2171,126.1466,Surigao del Sur
12.7894,123.8635,Sorsogon
10.329,123.888,Central Visayas
13.757,124.379,Catanduanes
7.92237225,126.270676,Davao Oriental
10.442036,123.8760501,Central Visayas
10.1833,123.6833,Cebu
16.6085,120.6365,Benguet
10.7004,124.9668,Leyte
16.6962,120.6583,Benguet
14.8333,120.2833,Central Luzon
13.8217,120.9839,Batangas
10.747,122.9672,Negros Occidental
16.4187,120.6868,Benguet
17.487,120.4359,Ilocos Sur
10.4039,124.9795,Southern Leyte
9.3881,122.7181,Negros Oriental
13.8758,124.3099,Catanduanes
7.513007,125.917248,Davao de Oro
16.9433,120.9099,Mountain Province
9.6811,118.5489,Mimaropa
13.7084,123.2388,Camarines Sur
16.3603,120.6757,Benguet
14.0995,121.0985,Batangas
11.2535,124.9682,Eastern Visayas
7.5842,125.8331,Davao del Norte
11.01601242,124.7102698,Leyte
16.7437,120.8269,Benguet
10.34,123.9275,Central Visayas
7.7211,125.1335,Bukidnon
10.4578,123.7756,Cebu
14.8851,120.2329,Zambales
14.6759,121.2397,Rizal
14.5767,121.4432,Laguna
6.3314,124.9485,South Cotabato
16.3452,120.689,Benguet
16.574445,120.732714,Benguet
13.0536,121.4036,Oriental Mindoro
16.4512,120.5733,Benguet
17.27,121.0536,Kalinga
17.4612,121.4255,Kalinga
10.41208679,123.8705795,Central Visayas
11.7148,125.0704,Samar
7.0653,125.6072,Davao Region
16.3694,120.6059,Cordillera Administrative Region
8.6542,124.7556,Misamis Oriental
10.316,123.8804,Central Visayas
16.7449,120.8252,Benguet
6.9452,122.1066,Zamboanga Peninsula
16.455,120.56,Benguet
9.8011,124.2467,Bohol
17.4541,121.2284,Kalinga
6.3879,124.7962,South Cotabato
6.3344,124.946,South Cotabato
10.3503,125.1094,Southern Leyte
13.707587,123.739073,Camarines Sur
11.551766,124.552765,Biliran
11.7833,124.8834,Samar
8.361576284,124.4153091,Misamis Oriental
9.667669077,124.2731644,Bohol
17.3592,121.461,Kalinga
8.6068,124.8964,Misamis Oriental
16.8694,121.1024,Ifugao
17.4147,121.1495,Kalinga
16.4003,120.5876,Cordillera Administrative Region
13.3481,123.5074,Camarines Sur
7.8383,123.2967,Zamboanga del Sur
16.8237,120.687,Benguet
16.9648,121.2184,Ifugao
16.426,120.5823,Cordillera Administrative Region
10.3094,125.0981,Southern Leyte
7.7344,125.0969,Bukidnon
6.3333,124.95,South Cotabato
7.0225,125.2242,North Cotabato
14.6444,121.0335,Metro Manila
6.05,124.9167,South Cotabato
6.4737,125.0676,South Cotabato
16.9945,120.8209,Mountain Province
11.2411,124.996,Eastern Visayas
16.3335,120.6166,Benguet
17.2826,121.1666,Kalinga
13.3201,123.5841,Albay
11.7841,124.8761,Samar
10.379057,123.913048,Central Visayas
15.2662,120.2051,Zambales
15.728,121.5989,Aurora
16.9623,121.2711,Ifugao
8.5091,123.2981,Zamboanga del Norte
10.1,125.6,Dinagat Islands
16.9645,120.8147,Mountain Province
8.2101,126.2848,Surigao del Sur
11.1088,125.0183,Leyte
9.234,126.1696,Surigao del Sur
6.1458,124.8955,South Cotabato
7.82217276,126.1463682,Davao de Oro
9.1196,125.5339,Agusan del Norte
17.58,120.7744,Abra
13.8801,124.3075,Catanduanes
17.4458,121.4196,Kalinga
7.5833,125.8333,Davao del Norte
17.1246,121.3148,Mountain Province
10.57,123.72,Cebu
16.379,120.6,Cordillera Administrative Region
18.4149,121.0495,Apayao
7.2075,122.2299,Zamboanga Peninsula
17.8171,121.3106,Cagayan
16.7667,120.7617,Benguet
9.2829,123.2449,Negros Oriental
10.2714,123.8476,Central Visayas
18.2,120.65,Ilocos Norte
8.5367,124.7997,Misamis Oriental
8.5055,125.7407,Agusan del Sur
13.4567,123.6793,Albay
14.5703,121.1682,Rizal
16.402,120.597,Cordillera Administrative Region
8.8604,124.7893,Misamis Oriental
16.7693,120.8036,Benguet
14.194,121.1481,Laguna
17.4122,121.4166,Kalinga
16.316,120.7414,Benguet
9.6389,124.0367,Bohol
10.313,123.8946,Central Visayas
8.44,126.34,Surigao del Sur
8.5008,124.4309,Misamis Oriental
16.40331346,120.589519,Cordillera Administrative Region
7.8474,126.0938,Davao de Oro
10.42315598,123.9151978,Central Visayas
16.8431,121.1138,Ifugao
16.4992,120.566,Benguet
16.4605,120.5765,Benguet
16.7432,120.8269,Benguet
10.715,122.2342,Iloilo
7.192857627,125.969436,Davao de Oro
8.4552,124.6318,Northern Mindanao
11.10694035,124.6873744,Leyte
17.5004,121.4292,Kalinga
14.8271,120.2685,Central Luzon
10.42,123.91,Central Visayas
7.6632,125.7011,Davao del Norte
7.578214838,125.8334627,Davao del Norte
7.674494083,125.8603905,Davao del Norte
7.1675,121.935,Zamboanga del Norte
16.7132,120.9868,Ifugao
10.3336,123.8978,Central Visayas
10.283626,123.821113,Cebu
7.704271157,126.1419759,Davao de Oro
7.174586159,125.6063053,Davao Region
10.349849,123.878321,Central Visayas
10.3479,123.881,Central Visayas
13.64,123.2804,Bicol Region
15.9949,121.6164,Aurora
14.8435,120.2683,Central Luzon
11.8154,122.0943,Aklan
16.3671,120.6318,Cordillera Administrative Region
10.3494,123.9334,Central Visayas
8.473637355,124.6312444,Northern Mindanao
16.9332,120.4786,Ilocos Sur
13.1614,123.3344,Albay
11.0391,124.6291,Leyte
7.9015,123.7719,Lanao del Norte
16.5364,120.8512,Benguet
8.572,125.4908,Agusan del Sur
16.4244,120.678,Benguet
10.8167,122.4167,Iloilo
9.6941,125.5523,Surigao del Norte
9.573,122.5833,Negros Occidental
18.5005,120.8417,Ilocos Norte
10.43,123.9115,Central Visayas
13.7769,124.2758,Catanduanes
7.9007,123.7741,Lanao del Norte
10.77,123.98,Cebu
10.294,123.8131,Cebu
16.427,120.587,Cordillera Administrative Region
6.9898,126.3173,Davao Oriental
14.0439,120.9031,Batangas
16.3602,120.4935,Benguet
17.3349,121.0364,Kalinga
6.503,124.7817,South Cotabato
16.2867,120.5842,Benguet
6.7916,125.1489,Davao del Sur
10.6593,125.0546,Leyte
6.500821,124.843439,South Cotabato
9.789939,125.485592,Surigao del Norte
16.3666,120.6832,Benguet
15.1718,120.7653,Pampanga
16.9643,120.8163,Mountain Province
7.253,125.3015,Davao Region
13.1004,123.8421,Albay
13.3207,123.2658,Camarines Sur
10.2736,123.818,Cebu
16.3597,120.5634,Benguet
10.0692,125.6036,Dinagat Islands
10.2976,123.8654,Central Visayas
14.7559,121.2024,Rizal
12.0311,124.9919,Samar
7.6195,125.6278,Davao del Norte
7.1916,126.1086,Davao de Oro
8.991165,124.891843,Misamis Oriental
11.5515,125.0725,Samar
11.252,124.9599,Eastern Visayas
10.3607,123.8842,Central Visayas
10.03714,123.4795419,Cebu
10.329022,123.876998,Central Visayas
8.577,124.785,Misamis Oriental
9.2038,123.596,Siquijor
12.75380833,123.9084224,Sorsogon
11.7771,124.8872,Samar
11.7,125.0667,Samar
7.7299,125.0989,Bukidnon
10.38,123.9,Central Visayas
8.4814,123.2198,Zamboanga del Norte
7.824426765,126.1489178,Davao de Oro
6.9894,122.1187,Zamboanga Peninsula
10.39,123.92,Central Visayas
9.7244,125.4203,Surigao del Norte
7.817297945,126.049799,Davao de Oro
10.3926,124.9845,Southern Leyte
8.4966,123.3034,Zamboanga del Norte
14.8489,120.2652,Central Luzon
9.6224,124.2986,Bohol
10.4775,123.763,Cebu
8.8152,124.8293,Misamis Oriental
16.0769,121.7536,Aurora
7.8354,125.3915,Bukidnon
16.2852,120.5811,Benguet
7.4943,122.3435,Zamboanga Sibugay
17.8101,120.9319,Abra
16.9817,121.7753,Isabela
10.35176697,123.8780348,Central Visayas
7.1426,125.4782,Davao Region
16.1509,120.4502,Pangasinan
13.77195072,124.2689432,Catanduanes
17.5632,121.218,Kalinga
7.2195,125.465,Davao Region
6.133,125.0245,Soccsksargen
18.0167,121.1831,Apayao
13.7442,123.5378,Camarines Sur
10.3879,123.9179,Central Visayas
16.2814,119.887,Pangasinan
13.8383,124.2714,Catanduanes
17.6,121.3667,Kalinga
8.3886,123.1689,Zamboanga del Norte
14.0391,124.1621,Catanduanes
10.3419,123.8842,Central Visayas
18.4281,121.0642,Apayao
14.601,120.9762,Metro Manila
10.3026,123.9067,Central Visayas
8.5419,124.763,Misamis Oriental
10.4524,123.2617,Negros Occidental
16.8828,120.7802,Benguet
7.8471,126.0509,Davao de Oro
10.5641,123.2547,Negros Occidental
16.3727,120.6074,Cordillera Administrative Region
10.0747,125.5672,Dinagat Islands
13.0785,123.8347,Albay
16.3273,120.5753,Benguet
11.5735,122.1001,Antique
16.5132,120.8246,Benguet
16.976,120.9076,Mountain Province
8.7031,124.7439,Misamis Oriental
10.3351,123.8799,Central Visayas
7.1733,124.2185,Maguindanao del Norte
10.335,123.8725,Central Visayas
16.7133,120.9878,Ifugao
14.5854,121.0709,Metro Manila
10.57172733,125.1066087,Southern Leyte
10.310885,123.823355,Cebu
7.794,126.1632,Davao de Oro
7.3667,125.85,Davao de Oro
16.0309,121.9912,Aurora
10.3708,123.7619,Cebu
12.282,124.6167,Northern Samar
10.509,124.9789,Leyte
6.769806329,125.1815517,Davao del Sur
6.2245,124.7128,South Cotabato
6.4791,124.8142,South Cotabato
10.3128,125.1159,Southern Leyte
15.954,120.9766,Nueva Ecija
10.71,125.01,Leyte
17.5541,121.2368,Kalinga
7.1904,124.5335,North Cotabato
16.8336,121.1151,Ifugao
18.418,121.0613,Apayao
11.2529,124.9736,Eastern Visayas
9.543,125.4427,Surigao del Norte
10.8388,123.495,Negros Occidental
9.3591,122.8211,Negros Oriental
18.5875,120.8221,Ilocos Norte
13.5983,124.1003,Catanduanes
10.0599,125.6266,Dinagat Islands
16.4193,120.62,Cordillera Administrative Region
9.7534,122.4786,Negros Occidental
14.6833,120.5333,Bataan
10.41107984,123.877217,Central Visayas
10.3286,123.8896,Central Visayas
10.3622,123.8639,Central Visayas
16.9,120.4525,La Union
16.9959,121.3014,Ifugao
10.2451,123.8332,Cebu
11.5375,122.3749,Aklan
16.5505,120.8299,Benguet
16.392,120.5996,Cordillera Administrative Region
10.3318,123.8866,Central Visayas
10.48486923,125.0019461,Southern Leyte
12.1512,123.6452,Masbate
14.0728,121.5082,Quezon
10.7886,122.5363,Iloilo
6.2644,125.6678,Davao Occidental
17.265,121.2088,Kalinga
7.653,122.9479,Zamboanga Sibugay
14.836,120.2761,Central Luzon
15.9841,120.2016,Pangasinan
16.9413,120.9074,Mountain Province
7.9978,122.8157,Zamboanga del Norte
6.5368,124.5618,Sultan Kudarat
10.3456,123.8969,Central Visayas
7.9436,125.2441,Bukidnon
9.7177,124.3378,Bohol
10.3504,123.8815,Central Visayas
7.6333,125.0167,Bukidnon
7.8675,123.3647,Zamboanga del Sur
16.6066,120.6202,Benguet
8.4406,124.7212,Northern Mindanao
12.1969,124.5528,Samar
10.38,123.89,Central Visayas
14.6533,121.6034,Quezon
14.2138,121.0105,Cavite
13.9716,121.9162,Quezon
18.2216,121.0489,Apayao
7.736255099,125.5214687,Davao del Norte
7.0611,121.9325,Zamboanga Peninsula
10.182,123.6703,Cebu
10.2833,125.0667,Southern Leyte
16.39,120.66,Benguet
17.5753,120.89,Abra
10.0884,124.981,Southern Leyte
16.7221,121.0046,Ifugao
7.36,122.1865,Zamboanga del Norte
13.3125,123.7465,Albay
14.2245,122.7663,Camarines Norte
11.8895,119.939,Palawan
16.4597,120.5809,Benguet
9.8964,123.42,Cebu
17.686,121.8726,Cagayan
13.1358,123.3608,Albay
12.394284,122.45898,Romblon
12.34,122.56,Romblon
16.6619,121.6386,Isabela
10.5906,122.1394,Iloilo
10.3863054,124.980934,Southern Leyte
13.6042,123.52,Camarines Sur
8.0539,126.4037,Surigao del Sur
6.3666,124.7333,South Cotabato
10.3166,123.8452,Central Visayas
9.3059,125.8571,Surigao del Sur
16.4996,120.8329,Benguet
10.3177097,123.8475216,Central Visayas
9.5497,122.8812,Negros Oriental
8.7122,124.7653,Misamis Oriental
11.811,125.1507,Samar
16.5702,120.5204,Benguet
16.419,120.5832,Cordillera Administrative Region
10.3968,123.9075,Central Visayas
16.4286,120.642,Benguet
14.8977,120.2377,Zambales
17.1686,121.048,Mountain Province
8.0211,124.3133,Lanao del Sur
10.1999,123.7215,Cebu
10.342048,123.861028,Central Visayas
14.1939,121.1481,Laguna
7.6,125.9667,Davao de Oro
6.199382401,124.8566407,South Cotabato
9.6514,124.3655,Bohol
8.9458,125.5319,Caraga
7.4166,126.0011,Davao de Oro
16.36626096,120.6312641,Cordillera Administrative Region
10.42450171,123.9428072,Cebu
10.37,123.97,Cebu
7.9216,125.1666,Bukidnon
10.37,123.89,Central Visayas
14.0598,121.2986,Laguna
9.774184314,123.5297419,Cebu
17.6424,121.3254,Kalinga
7.8177,126.0499,Davao de Oro
16.9379,120.9263,Mountain Province
11.03424851,124.8442658,Leyte
16.5127,120.6336,Benguet
9.826,125.6095,Surigao del Norte
7.704506691,126.142273,Davao de Oro
13.6048,123.5215,Camarines Sur
10.6235,123.8937,Cebu
11.6064,121.6896,Antique
11.2462,124.9944,Eastern Visayas
10.4792,124.9986,Southern Leyte
7.0804,125.6147,Davao Region
14.4315,120.4851,Bataan
7.6483,125.6118,Davao del Norte
10.232,123.7294,Cebu
16.8937,120.7783,Benguet
7.8705,126.3235,Davao Oriental
8.1469,125.137,Bukidnon
16.4564,120.5855,Benguet
13.6862,124.264,Catanduanes
10.3163,123.8529,Central Visayas
11.1302,125.2603,Eastern Samar
6.8426,125.4137,Davao del Sur
8.504,126.1736,Surigao del Sur
16.5713,120.7325,Benguet
8.5138,123.3022,Zamboanga del Norte
17.0869,120.9762,Mountain Province
16.4016,120.5967,Cordillera Administrative Region
17.9209,121.2194,Apayao
16.3798,120.6852,Benguet
7.9756,122.3698,Zamboanga del Norte
17.5396,120.9956,Abra
17.4012,121.3034,Kalinga
7.3521,126.1544,Davao de Oro
16.4244,120.678,Benguet
6.9264,122.0239,Zamboanga Peninsula
10.6073,124.9705,Leyte
10.3402,125.0778,Southern Leyte
10.2143,125.5872,Dinagat Islands
14.6046311,121.1751292,Rizal
16.9897,120.7538,Ilocos Sur
17.108372,121.144802,Mountain Province
10.3315,123.8789,Central Visayas
12.8836,120.9877,Occidental Mindoro
10.395,123.9153,Central Visayas
10.2754,123.8252,Cebu
8.1484,123.8296,Misamis Occidental
14.675,121.15,Rizal
13.06945762,123.9615021,Sorsogon
6.2793,124.7126,South Cotabato
9.94928114,118.8014459,Mimaropa
15.8228,121.4923,Aurora
13.2959,123.4848,Albay
10.717,123.511,Negros Occidental
7.9046,123.7227,Lanao del Norte
7.094308,125.60468,Davao Region
15.7833,121.4667,Aurora
10.32,123.84,Central Visayas
8.4966,123.3034,Zamboanga del Norte
13.28549037,123.7297874,Albay
9.60397,124.273652,Bohol
6.1188,124.8792,South Cotabato
7.375,125.87,Davao de Oro
7.796861888,126.1657482,Davao de Oro
14.923,121.0246,Bulacan
13.6845,124.1177,Catanduanes
6.3665,124.7338,South Cotabato
9.29,123.226,Negros Oriental
16.4072,120.5829,Cordillera Administrative Region
16.4034,120.5962,Cordillera Administrative Region
6.9374,125.4141,Davao del Sur
7.2549,126.1557,Davao de Oro
7.718,126.0436,Davao de Oro
8.9626,124.8514,Misamis Oriental
16.7667,120.7617,Benguet
10.3281,123.8538,Central Visayas
9.6515,124.3656,Bohol
14.4544,121.1982,Rizal
8.647001607,124.7749346,Misamis Oriental
16.4946,120.6524,Benguet
16.95,122.03,Isabela
16.95,121.045,Ifugao
8.4984,123.3032,Zamboanga del Norte
7.6805,125.2236,Bukidnon
10.6468,122.2416,Iloilo
7.9035,125.3449,Bukidnon
7.743877992,125.669611,Davao del Norte
16.2882,120.5875,Benguet
13.8193,124.1754,Catanduanes
16.4185,120.6003,Cordillera Administrative Region
14.545,121.56,Quezon
9.7548,123.3459,Cebu
16.6623,120.6663,Benguet
15.8716,120.5739,Pangasinan
14.5902,121.168,Rizal
10.3156,123.8955,Central Visayas
16.6604,120.9317,Ifugao
16.9761,120.5281,Ilocos Sur
18.012,121.171,Apayao
10.2833,123.8667,Central Visayas
16.5857,120.4201,La Union
6.4111,124.8338,South Cotabato
16.9729,120.6294,Ilocos Sur
13.0902,123.6273,Albay
7.192836513,125.9690316,Davao de Oro
7.8998,123.7741,Lanao del Norte
10.2443,123.8332,Cebu
16.292,120.5941,Benguet
16.7259,120.665,Benguet
13.19074294,123.6180333,Albay
10.6575,124.9658,Leyte
6.4564,124.8763,South Cotabato
10.3861,124.98,Southern Leyte
9.309786719,123.2109112,Negros Oriental
10.2825,125.5768,Dinagat Islands
7.604043152,125.8670267,Davao del Norte
17.079,120.9925,Mountain Province
14.5958,120.9772,Metro Manila
14.65,121.0475,Metro Manila
6.9042,122.0761,Zamboanga Peninsula
7.07,125.6,Davao Region
14.65,120.97,Metro Manila
18.0,121.8,Cagayan
10.32,123.75,Cebu
12.27,123.58,Masbate
14.5842,121.1763,Rizal
14.52,121.05,Metro Manila
14.5605,121.0765,Metro Manila
8.48,124.65,Northern Mindanao
14.7,120.98,Metro Manila
14.33,120.94,Cavite
6.12,125.17,Soccsksargen
14.5008,120.9915,Metro Manila
14.4624,120.9645,Cavite
14.617,120.967,Metro Manila
14.8139,121.0453,Bulacan
14.5567,121.0214,Metro Manila
14.45,120.98,Metro Manila
10.6765,122.9509,Negros Island Region
10.72,122.57,Western Visayas
14.38,121.05,Metro Manila
14.22,121.17,Laguna
10.3127,123.9488,Central Visayas
14.4297,120.9367,Cavite
15.1472,120.5847,Central Luzon
14.65,121.1,Metro Manila
14.38,120.88,Cavite
14.72,121.12,Rizal
14.5439,120.995,Metro Manila
14.58,121.03,Metro Manila
14.32,121.12,Laguna
14.33,121.08,Laguna
14.6031,121.0022,Metro Manila
14.5692,121.1325,Rizal
15.4869,120.59,Tarlac
14.66,120.96,Metro Manila
14.57,121.12,Rizal
13.9411,121.1622,Batangas
8.948,125.543,Caraga
16.4119,120.5933,Cordillera Administrative Region
10.33,123.93,Central Visayas
8.23,124.25,Northern Mindanao
14.275,121.125,Laguna
15.03,120.68,Pampanga
13.83,121.0,Batangas
13.6244,123.1864,Bicol Region
15.4908,120.9678,Nueva Ecija
14.3583,121.0583,Laguna
7.22,124.25,Bangsamoro
14.4514,121.1919,Rizal
14.3944,120.8531,Cavite
9.75,118.75,Mimaropa
7.4478,125.8078,Davao del Norte
14.2306,120.975,Cavite
15.22,120.58,Pampanga
14.82,120.96,Bulacan
14.07,121.325,Laguna
13.93,121.62,Calabarzon
14.6969,121.1219,Rizal
10.25,123.83,Cebu
14.8436,120.8114,Bulacan
14.83,120.28,Central Luzon
14.7581,120.9481,Bulacan
11.24,125.0,Eastern Visayas
14.6667,120.9417,Metro Manila
11.0106,124.6075,Leyte
14.73,120.95,Bulacan
14.08,121.18,Batangas
7.9042,125.0928,Bukidnon
14.28,120.87,Cavite
7.8272,123.4364,Zamboanga del Sur
13.13,123.73,Albay
7.3,125.68,Davao del Norte
10.38,123.65,Cebu
8.0031,124.285,Lanao del Sur
15.9281,120.3489,Pangasinan
14.58,121.012,Metro Manila
9.98,122.82,Negros Occidental
6.5,124.85,South Cotabato
14.08,121.15,Batangas
10.5388,122.8384,Negros Occidental
8.1564,125.1333,Bukidnon
6.75,125.35,Davao del Sur
12.07,124.6,Samar
12.9742,124.0058,Sorsogon
11.5894,122.7511,Capiz
16.043,120.334,Pangasinan
14.93,120.6,Pampanga
15.0645,120.7203,Pampanga
6.22,125.07,South Cotabato
14.3,121.0,Cavite
15.1458,120.9783,Bulacan
9.7897,125.4958,Surigao del Norte
15.3249,120.6554,Tarlac
14.954,120.901,Bulacan
17.6133,121.7303,Cagayan
13.97,121.53,Quezon
14.32,120.77,Cavite
7.0083,125.0894,North Cotabato
10.95,123.3,Negros Occidental
17.1489,121.8894,Isabela
10.53,123.93,Cebu
15.3372,120.59,Tarlac
14.87,120.95,Bulacan
12.3528,121.0676,Occidental Mindoro
10.4111,123.9822,Cebu
10.245,123.7964,Cebu
15.8037,120.9991,Nueva Ecija
14.43,120.48,Bataan
10.9,123.42,Negros Occidental
16.68,121.55,Isabela
10.4,123.95,Cebu
6.9483,126.2272,Davao Oriental
13.414,121.18,Oriental Mindoro
13.414,121.18,Oriental Mindoro
15.1493,120.7692,Pampanga
15.9761,120.5711,Pangasinan
16.77,121.78,Isabela
15.92,120.42,Pangasinan
14.8,120.93,Bulacan
13.35,123.73,Albay
15.0719,120.5419,Pampanga
8.15,123.85,Misamis Occidental
14.7099,121.0997,Metro Manila
14.4972,121.2864,Rizal
8.5872,123.3408,Zamboanga del Norte
13.9311,121.4233,Quezon
16.46,120.59,Benguet
6.0,121.0,Sulu
8.82,125.1,Misamis Oriental
14.07,120.63,Batangas
10.12,123.63,Cebu
14.92,121.05,Bulacan
14.974,120.528,Pampanga
9.3103,123.3081,Negros Oriental
13.1619,123.6939,Albay
14.5739,121.0039,Metro Manila
14.83,120.73,Bulacan
10.22,123.75,Cebu
10.4929,123.4095,Negros Occidental
15.5839,120.9189,Nueva Ecija
14.5234,121.1536,Rizal
10.8,122.97,Negros Occidental
6.7,121.97,Basilan
15.2742,120.5669,Tarlac
14.97,120.63,Pampanga
7.53,125.62,Davao del Norte
13.846,121.206,Batangas
15.6606,120.765,Nueva Ecija
14.5998,120.9802,Metro Manila
14.604,121.03,Metro Manila
16.62,120.32,La Union
15.22,120.67,Pampanga
14.28,121.42,Laguna
15.3122,120.9489,Nueva Ecija
9.37,122.8,Negros Oriental
17.4069,121.4425,Kalinga
14.3854,121.029,Metro Manila
15.0933,120.8283,Pampanga
14.92,120.77,Bulacan
14.88,120.47,Bataan
6.4108,125.6144,Davao Occidental
13.22,123.52,Albay
7.19,124.53,North Cotabato
14.9496,120.7587,Pampanga
7.05,125.73,Davao del Norte
7.1889,124.1839,Maguindanao del Norte
10.1,122.87,Negros Occidental
5.0292,119.7731,Tawi-Tawi
15.0789,120.9419,Bulacan
14.17,121.22,Laguna
13.4231,123.4122,Camarines Sur
14.8869,120.8569,Bulacan
13.826,121.396,Batangas
14.83,120.88,Bulacan
8.3675,124.8656,Bukidnon
16.07,120.4039,Pangasinan
13.6964,123.06,Camarines Sur
14.02,121.58,Quezon
14.8769,120.2328,Zambales
10.68,124.8,Leyte
14.1142,122.9564,Camarines Norte
18.1978,120.5936,Ilocos Norte
14.6,121.0167,Metro Manila
14.42,120.85,Cavite
7.7306,125.1,Bukidnon
13.3233,121.3028,Oriental Mindoro
5.82,125.2,Sarangani
8.71,125.75,Agusan del Sur
6.68,124.67,Sultan Kudarat
14.1561,122.8294,Camarines Norte
10.73,122.97,Negros Occidental
14.902,120.849,Bulacan
9.97,122.62,Negros Occidental
7.7631,125.005,Bukidnon
16.0167,120.2333,Pangasinan
14.43,120.9,Cavite
14.7094,121.1,Metro Manila
11.78,124.88,Samar
13.95,121.32,Quezon
14.32,121.05,Cavite
6.27,125.28,Sarangani
12.6697,123.8758,Sorsogon
7.23,124.25,Maguindanao del Norte
9.65,123.85,Bohol
14.68,120.53,Bataan
8.2386,122.9986,Zamboanga del Norte
14.95,120.97,Bulacan
15.6681,120.5789,Tarlac
7.3744,124.2686,Maguindanao del Norte
10.12,123.27,Negros Oriental
6.83,125.42,Davao del Sur
14.48,120.9,Cavite
16.02,120.37,Pangasinan
6.65,122.13,Basilan
5.976,121.1087,Sulu
14.3984,121.0364,Metro Manila
16.1553,119.9808,Pangasinan
8.2133,126.3161,Surigao del Sur
14.5642,120.9913,Metro Manila
13.5542,123.2753,Camarines Sur
10.6931,122.4736,Iloilo
6.95,124.88,North Cotabato
12.4994,124.6328,Northern Samar
6.63,124.6,Sultan Kudarat
10.83,123.5,Negros Occidental
13.93,120.73,Batangas
10.47,123.78,Cebu
13.884,122.2604,Quezon
15.6069,120.5986,Tarlac
7.8239,126.0536,Davao de Oro
11.25,124.0,Cebu
13.881,120.9127,Batangas
6.0,120.97,Sulu
6.22,124.2,Sultan Kudarat
12.8428,120.775,Occidental Mindoro
16.0031,120.4008,Pangasinan
6.6333,124.0667,Sultan Kudarat
13.7917,121.0085,Batangas
7.1269,125.8975,Davao de Oro
7.1269,125.8975,Davao de Oro
13.0364,121.4889,Oriental Mindoro
10.9,123.08,Negros Occidental
7.67,126.08,Davao de Oro
7.7822,122.5867,Zamboanga Sibugay
6.37,124.73,South Cotabato
13.2922,123.4856,Albay
6.3,124.78,South Cotabato
11.7072,122.37,Aklan
10.27,122.85,Negros Occidental
13.7089,123.2161,Camarines Sur
11.1,122.63,Iloilo
10.6,123.03,Negros Occidental
11.02,124.0,Cebu
17.6522,121.6914,Cagayan
16.7056,121.6761,Isabela
12.5125,123.3989,Masbate
8.61,125.92,Agusan del Sur
6.1023,125.2868,Sarangani
6.97,125.08,North Cotabato
17.9347,121.7733,Cagayan
14.15,121.32,Laguna
14.52,121.27,Rizal
14.5094,121.0381,Metro Manila
10.13,124.85,Southern Leyte
16.15,120.45,Pangasinan
13.93,120.8131,Batangas
15.6867,120.4131,Tarlac
16.0323,120.269,Pangasinan
13.4083,123.375,Camarines Sur
11.2,123.73,Cebu
15.2522,120.8575,Nueva Ecija
13.18,123.6,Albay
8.67,117.62,Palawan
14.1,120.93,Cavite
8.6549,123.4243,Zamboanga del Norte
14.594,121.007,Metro Manila
7.6008,125.9656,Davao de Oro
9.5907,123.1213,Negros Oriental
15.7153,120.9039,Nueva Ecija
16.3881,119.8947,Pangasinan
10.82,119.52,Palawan
7.3619,125.8553,Davao de Oro
9.07,123.03,Negros Oriental
15.3078,120.8533,Nueva Ecija
9.73,122.92,Negros Oriental
9.52,123.16,Negros Oriental
10.6,123.48,Negros Occidental
7.3606,125.7064,Davao del Norte
10.056,124.4729,Bohol
14.4499,120.9996,Metro Manila
5.5462,120.8145,Sulu
7.08,124.9,North Cotabato
13.4347,123.5167,Camarines Sur
11.05,122.48,Iloilo
14.7928,120.8789,Bulacan
7.5854,125.7052,Davao del Norte
8.51,125.98,Agusan del Sur
5.97,125.28,Sarangani
10.12,123.53,Cebu
9.12,125.53,Agusan del Norte
8.53,124.75,Misamis Oriental
13.8772,121.105,Batangas
14.583,120.983,Metro Manila
6.8,124.63,Sultan Kudarat
6.07,121.1,Sulu
10.35,123.07,Negros Occidental
14.4685,121.0118,Metro Manila
15.7874,120.2921,Pangasinan
15.3392,120.9069,Nueva Ecija
7.2,124.78,North Cotabato
13.972,121.687,Quezon
16.53,120.33,La Union
10.95,122.63,Iloilo
14.5619,120.5983,Bataan
15.2742,120.5669,Tarlac
9.88,123.6,Cebu
14.9081,120.7156,Pampanga
9.28,118.42,Palawan
9.3331,122.8658,Negros Oriental
14.83,120.5,Bataan
14.95,120.92,Bulacan
7.12,124.82,North Cotabato
15.9289,120.8419,Pangasinan
8.2319,124.6025,Bukidnon
14.8145,120.9085,Bulacan
12.7469,121.4881,Oriental Mindoro
13.58,124.23,Catanduanes
11.1583,124.9917,Leyte
14.7425,121.6494,Quezon
16.0439,120.4856,Pangasinan
12.9244,123.6756,Sorsogon
15.4239,120.9389,Nueva Ecija
10.27,123.58,Cebu
13.3,123.4333,Albay
15.92,120.18,Pangasinan
16.12,120.55,Pangasinan
6.7167,124.5167,Sultan Kudarat
9.7612,123.5349,Cebu
8.75,124.78,Misamis Oriental
8.78,117.83,Palawan
10.83,122.72,Iloilo
16.7787,121.6972,Isabela
6.33,124.95,South Cotabato
7.97,123.75,Lanao del Norte
5.92,125.65,Davao Occidental
13.4694,123.2775,Camarines Sur
13.5917,122.325,Quezon
11.57,123.13,Iloilo
14.4839,120.9925,Metro Manila
13.2925,123.7917,Albay
9.75,122.4,Negros Occidental
8.48,123.8,Misamis Occidental
10.17,123.7,Cebu
13.13,123.67,Albay
11.6094,125.4361,Eastern Samar
13.921,122.1002,Quezon
13.9575,122.2875,Quezon
14.48,121.3,Rizal
5.92,120.92,Sulu
10.2,122.87,Negros Occidental
13.6983,123.4889,Camarines Sur
10.12,124.28,Bohol
14.5127,121.2385,Rizal
14.1911,121.7308,Quezon
14.4184,121.0385,Metro Manila
17.27,121.8,Isabela
10.25,123.95,Cebu
10.775,122.5417,Iloilo
15.5036,120.845,Nueva Ecija
14.8,120.53,Bataan
15.71,121.1047,Nueva Ecija
13.8183,123.3244,Camarines Sur
14.4656,121.0311,Metro Manila
10.3197,119.3408,Palawan
15.5781,120.6819,Tarlac
7.6808,124.9953,Bukidnon
11.9303,123.7689,Masbate
13.8,121.03,Batangas
15.4431,120.7289,Tarlac
6.5339,124.5633,Sultan Kudarat
8.97,125.41,Agusan del Norte
18.3575,121.6372,Cagayan
14.2,120.88,Cavite
7.3868,124.5534,North Cotabato
15.3611,120.9622,Nueva Ecija
8.12,124.22,Lanao del Norte
8.0667,123.75,Misamis Occidental
13.7675,122.9783,Camarines Sur
10.73,123.83,Cebu
10.6442,122.2352,Iloilo
15.7778,120.6608,Nueva Ecija
14.93,120.2,Zambales
16.48,121.15,Nueva Vizcaya
10.8231,122.5344,Iloilo
14.18,121.28,Laguna
7.05,124.67,North Cotabato
6.8969,126.0117,Davao Oriental
15.6321,121.1448,Nueva Ecija
10.95,122.5,Iloilo
15.2896,120.0245,Zambales
15.8944,120.6328,Pangasinan
10.42,122.92,Negros Occidental
16.88,121.58,Isabela
8.52,124.57,Misamis Oriental
13.2589,123.4953,Albay
16.322,120.3647,La Union
8.0,125.0233,Bukidnon
12.0,120.2,Palawan
17.12,121.62,Isabela
5.9912,124.6257,Sarangani
11.0,123.95,Cebu
6.6,124.85,Sultan Kudarat
14.9281,121.0293,Bulacan
16.5183,121.1811,Nueva Vizcaya
9.235,117.9967,Palawan
10.6747,122.3776,Iloilo
14.5448,121.0671,Metro Manila
10.7433,121.9411,Antique
15.9,120.58,Pangasinan
5.87,125.0,Sarangani
14.1364,121.4165,Laguna
10.2,122.98,Negros Occidental
10.37,124.75,Leyte
14.0417,121.1583,Batangas
9.35,123.28,Negros Oriental
10.88,122.97,Negros Occidental
14.0036,121.9199,Quezon
14.5586,121.2083,Rizal
17.735,121.4553,Cagayan
15.77,119.92,Zambales
10.7883,122.0175,Antique
14.2922,122.6928,Camarines Norte
7.9178,125.3286,Bukidnon
11.13,122.5,Iloilo
15.7331,120.5725,Tarlac
6.78,125.22,Davao del Sur
9.0789,126.1986,Surigao del Sur
7.9,123.77,Lanao del Norte
13.35,122.52,Quezon
7.5386,125.7508,Davao del Norte
15.0939,120.7681,Pampanga
16.37,120.67,Benguet
13.4535,123.3654,Camarines Sur
13.88,120.93,Batangas
17.1958,120.4489,Ilocos Sur
14.3725,121.0364,Metro Manila
10.7458,125.0122,Leyte
10.88,122.48,Iloilo
15.59,120.8786,Nueva Ecija
6.83,124.88,North Cotabato
9.6018,122.4668,Negros Occidental
14.6206,120.5817,Bataan
12.9553,123.8764,Sorsogon
12.57,125.02,Northern Samar
13.6319,123.4975,Camarines Sur
6.75,125.23,Davao del Sur
12.9189,124.1231,Sorsogon
16.23,120.48,La Union
14.2797,122.7869,Camarines Norte
16.98,122.02,Isabela
11.8997,121.9094,Aklan
14.7083,120.9375,Bulacan
6.6536,126.0717,Davao Oriental
10.03,122.77,Negros Occidental
13.8217,122.7897,Camarines Sur
11.1856,124.5597,Leyte
11.1286,123.9622,Cebu
5.93,121.03,Sulu
8.68,125.65,Agusan del Sur
14.1379,120.8552,Cavite
12.705,124.0319,Sorsogon
10.65,124.35,Cebu
14.998,120.78,Pampanga
12.5204,121.4385,Oriental Mindoro
7.0106,124.1629,Maguindanao del Norte
18.0611,121.6453,Cagayan
12.58,121.5,Oriental Mindoro
10.38,123.2,Negros Oriental
8.57,124.52,Misamis Oriental
13.8322,120.6322,Batangas
7.5752,126.5585,Davao Oriental
15.04,120.7919,Pampanga
13.8176,121.133,Batangas
11.05,124.38,Leyte
11.58,124.45,Biliran
10.9,122.7,Iloilo
14.9,120.72,Pampanga
7.5866,125.8237,Davao del Norte
10.58,123.97,Cebu
10.05,123.48,Cebu
16.0023,120.6695,Pangasinan
12.2192,123.5089,Masbate
6.55,125.47,Davao Occidental
11.12,125.02,Leyte
6.7154,124.7854,Maguindanao del Sur
13.45,121.83,Marinduque
14.4315,121.0486,Metro Manila
11.2061,124.8478,Leyte
12.2253,123.7834,Masbate
8.65,124.75,Misamis Oriental
6.68,125.3,Davao del Sur
14.5229,121.0555,Metro Manila
13.7353,123.5208,Camarines Sur
11.2817,125.0683,Samar
7.8331,124.8294,Bukidnon
16.78,121.53,Isabela
13.4585,123.6805,Albay
16.05,120.6,Pangasinan
14.46,121.05,Metro Manila
11.8689,123.9167,Masbate
14.03,120.65,Batangas
7.25,124.52,North Cotabato
6.77,125.18,Davao del Sur
16.5936,121.5025,Quirino
14.5053,121.0654,Metro Manila
15.35,121.05,Nueva Ecija
10.47,123.97,Cebu
16.3872,121.1075,Nueva Vizcaya
14.8311,120.7892,Bulacan
15.33,119.98,Zambales
13.5222,122.4042,Quezon
15.8227,120.3295,Pangasinan
18.0554,120.5649,Ilocos Norte
14.6242,121.0153,Metro Manila
10.5679,123.7172,Cebu
14.1093,123.0109,Camarines Norte
10.958,123.123,Negros Occidental
13.48,122.03,Marinduque
11.3,124.68,Leyte
11.25,123.02,Iloilo
14.23,121.37,Laguna
15.53,119.95,Zambales
10.37,122.88,Negros Occidental
8.05,126.06,Agusan del Sur
11.2622,122.5369,Capiz
15.3097,120.9069,Nueva Ecija
16.0656,120.6667,Pangasinan
14.4817,121.0258,Metro Manila
13.97,122.53,Quezon
7.8703,122.5594,Zamboanga Sibugay
13.57,123.1844,Camarines Sur
17.5747,120.3869,Ilocos Sur
17.43,121.77,Isabela
8.3028,125.0014,Bukidnon
7.12,125.12,North Cotabato
7.6406,125.0086,Bukidnon
11.1725,123.0196,Iloilo
13.5103,123.0419,Camarines Sur
10.03,123.57,Cebu
11.03,125.73,Eastern Samar
11.45,123.15,Iloilo
8.5292,126.1217,Surigao del Sur
8.0933,123.485,Zamboanga del Sur
14.1133,121.5569,Quezon
15.4492,120.7933,Nueva Ecija
7.9484,123.5819,Zamboanga del Sur
10.7,122.63,Guimaras
7.28,124.43,North Cotabato
10.7,121.98,Antique
10.6,122.08,Iloilo
16.1869,119.8592,Pangasinan
7.1544,125.0558,North Cotabato
10.98,124.9,Leyte
9.625,123.865,Bohol
8.61,124.8947,Misamis Oriental
11.8211,122.1617,Aklan
16.17,120.52,Pangasinan
16.53,120.4,La Union
13.1719,121.2756,Oriental Mindoro
13.3578,123.3678,Camarines Sur
10.7808,122.3894,Iloilo
13.88,121.22,Batangas
13.7707,123.8631,Camarines Sur
15.62,120.43,Tarlac
14.0635,121.2451,Laguna
7.5483,126.1381,Davao de Oro
13.5594,123.3761,Camarines Sur
13.5677,122.5667,Quezon
6.57,124.05,Sultan Kudarat
13.7496,120.9405,Batangas
12.0028,123.9944,Masbate
12.9722,121.4778,Oriental Mindoro
11.1956,119.4075,Palawan
17.6,120.62,Abra
16.3982,120.3555,La Union
7.6404,124.7257,Lanao del Sur
17.8387,121.7235,Cagayan
17.6258,121.7853,Cagayan
12.9083,123.5981,Sorsogon
14.4861,121.2289,Rizal
8.05,123.8,Lanao del Norte
5.98,121.25,Sulu
11.48,122.83,Capiz
14.7456,120.9961,Metro Manila
8.38,126.0,Agusan del Sur
11.2631,122.6878,Capiz
14.43,120.88,Cavite
6.62,125.22,Davao del Sur
14.4744,121.0569,Metro Manila
12.4,122.0,Romblon
9.82,124.2,Bohol
7.5933,124.0722,Lanao del Sur
13.03,123.45,Albay
14.1739,122.9081,Camarines Norte
10.9525,125.0317,Leyte
8.3333,124.7433,Bukidnon
15.8468,120.5218,Pangasinan
11.5553,122.7931,Capiz
8.155,123.345,Zamboanga del Sur
18.2,121.6622,Cagayan
11.05,122.85,Iloilo
10.03,124.07,Bohol
7.7067,122.1361,Zamboanga del Norte
14.97,120.68,Pampanga
16.3928,120.5603,Benguet
8.1297,123.4383,Zamboanga del Sur
14.9953,120.6153,Pampanga
14.9984,120.6526,Pampanga
5.0728,119.8847,Tawi-Tawi
11.6483,122.4339,Aklan
9.95,123.97,Bohol
13.2233,120.596,Occidental Mindoro
10.38,124.98,Southern Leyte
8.18,125.99,Agusan del Sur
13.4,123.7,Albay
6.42,121.98,Basilan
10.9186,124.6923,Leyte
9.8584,123.1468,Negros Oriental
11.4878,122.9956,Capiz
7.5,124.7,North Cotabato
7.7968,122.7627,Zamboanga Sibugay
10.93,124.43,Leyte
6.55,124.67,South Cotabato
7.7053,125.9903,Davao de Oro
14.02,120.73,Batangas
7.6047,122.4228,Zamboanga Sibugay
16.67,121.45,Isabela
7.0592,124.6987,Maguindanao del Sur
14.67,120.57,Bataan
14.1,121.02,Batangas
17.4192,120.4756,Ilocos Sur
11.05,122.67,Iloilo
15.8794,120.8994,Nueva Ecija
7.88,124.38,Lanao del Sur
6.62,124.75,South Cotabato
6.55,121.88,Basilan
16.5583,121.7,Isabela
6.27,125.67,Davao Occidental
15.5422,121.0844,Nueva Ecija
16.0267,120.7478,Pangasinan
14.07,122.97,Camarines Norte
15.8899,120.2379,Pangasinan
16.7571,121.7479,Isabela
15.7967,121.4737,Aurora
16.8033,120.8211,Benguet
8.99,125.34,Agusan del Norte
9.68,123.15,Negros Oriental
8.5134,123.2847,Zamboanga del Norte
11.2,123.1,Iloilo
12.0378,125.4828,Eastern Samar
14.4873,121.0503,Metro Manila
11.4272,122.056,Antique
6.9664,126.0114,Davao Oriental
13.1286,122.9775,Masbate
16.7197,120.3481,La Union
12.325,121.343,Oriental Mindoro
16.0725,120.4411,Pangasinan
14.27,121.45,Laguna
15.603,121.051,Nueva Ecija
7.8667,123.5167,Zamboanga del Sur
9.8,123.8,Bohol
7.79,126.4531,Davao Oriental
6.03,124.48,Sarangani
14.5115,121.0563,Metro Manila
12.2259,123.2842,Masbate
13.9,122.45,Quezon
13.6981,123.5186,Camarines Sur
8.0647,122.52,Zamboanga del Norte
8.19,125.85,Agusan del Sur
8.3661,126.3361,Surigao del Sur
15.7583,121.5625,Aurora
11.1894,124.7853,Leyte
9.8694,123.3959,Cebu
7.7464,124.7475,Bukidnon
14.1797,122.3919,Camarines Norte
7.6583,122.4639,Zamboanga Sibugay
7.3092,125.8556,Davao de Oro
10.27,123.08,Negros Occidental
10.72,123.52,Negros Occidental
14.225,121.325,Laguna
14.0504,120.9323,Batangas
6.8548,124.1443,Maguindanao del Sur
14.7222,120.5354,Bataan
11.22,124.4,Leyte
15.0,120.75,Pampanga
10.5259,122.5398,Guimaras
12.8594,121.4567,Oriental Mindoro
11.4639,122.7694,Capiz
7.98,117.05,Palawan
7.8547,123.5783,Zamboanga del Sur
15.9608,121.0631,Nueva Ecija
13.0831,120.7192,Occidental Mindoro
11.4522,124.9408,Samar
15.6625,121.0197,Nueva Ecija
8.5319,123.3631,Zamboanga del Norte
6.7,124.73,Sultan Kudarat
8.1228,122.6736,Zamboanga del Norte
16.2973,121.0338,Nueva Vizcaya
12.9035,123.2457,Masbate
11.27,123.73,Cebu
12.5856,124.0856,Sorsogon
13.5,120.9542,Oriental Mindoro
14.1728,120.9277,Cavite
7.5678,124.9903,Bukidnon
15.5542,120.8111,Nueva Ecija
8.9322,126.0403,Surigao del Sur
16.3181,121.2958,Nueva Vizcaya
7.7978,122.6944,Zamboanga Sibugay
18.2614,121.9969,Cagayan
11.6341,124.7947,Samar
13.0583,121.4117,Oriental Mindoro
16.2896,119.9491,Pangasinan
16.9361,120.4464,Ilocos Sur
10.93,124.03,Cebu
12.52,124.75,Northern Samar
17.0853,120.4553,Ilocos Sur
17.9031,121.6556,Cagayan
11.3903,122.7828,Capiz
18.07,121.6,Cagayan
9.2464,123.2948,Negros Oriental
15.4781,120.4639,Tarlac
9.25,124.72,Camiguin
10.03,123.22,Negros Oriental
8.4578,126.1578,Surigao del Sur
6.45,124.93,South Cotabato
16.3411,121.6833,Quirino
13.32,123.73,Albay
16.28,120.38,La Union
12.3372,123.6581,Masbate
10.33,123.32,Negros Oriental
13.6473,121.2104,Batangas
11.43,122.5953,Capiz
14.27,120.73,Cavite
11.8278,122.0939,Aklan
7.7056,122.8641,Zamboanga Sibugay
12.55,122.28,Romblon
16.67,120.33,La Union
12.47,120.97,Occidental Mindoro
8.58,124.78,Misamis Oriental
11.37,124.48,Leyte
16.82,120.4,La Union
11.6389,122.3331,Aklan
9.77,123.13,Negros Oriental
6.6,125.4,Davao del Sur
12.0369,123.1935,Masbate
13.78,121.2,Batangas
18.1036,120.6975,Ilocos Norte
10.47,122.83,Negros Occidental
16.9589,121.6692,Isabela
8.6214,123.7101,Misamis Occidental
9.579,123.745,Bohol
9.0192,126.2333,Surigao del Sur
13.3584,121.0977,Oriental Mindoro
9.47,123.12,Negros Oriental
6.43,124.68,South Cotabato
15.4336,119.9083,Zambales
16.07,120.7653,Pangasinan
12.3117,121.1472,Occidental Mindoro
10.8196,122.4322,Iloilo
8.07,125.96,Agusan del Sur
7.3283,126.5658,Davao Oriental
7.52,124.37,Maguindanao del Norte
8.45,125.79,Agusan del Sur
7.5086,125.9206,Davao de Oro
7.2108,126.5328,Davao Oriental
10.6,122.6,Guimaras
5.88,121.27,Sulu
14.13,121.436,Laguna
14.42,121.45,Laguna
7.506,122.9412,Zamboanga Sibugay
10.75,124.0,Cebu
8.2,123.85,Misamis Occidental
13.5925,123.0833,Camarines Sur
7.4853,124.9411,Bukidnon
14.4078,121.05,Metro Manila
13.9334,120.9285,Batangas
16.0661,120.0958,Pangasinan
11.2711,123.0948,Iloilo
15.4506,121.3378,Nueva Ecija
11.932,121.548,Antique
18.175,120.595,Ilocos Norte
17.7947,120.4556,Ilocos Sur
14.6534,121.1187,Metro Manila
9.4386,118.5481,Palawan
9.28,123.25,Negros Oriental
14.67,121.6,Quezon
11.4094,122.5103,Capiz
7.5783,123.1659,Zamboanga del Sur
13.5661,123.1422,Camarines Sur
13.5961,124.0992,Catanduanes
10.88,122.43,Iloilo
7.3106,122.8464,Zamboanga Sibugay
7.7286,123.0608,Zamboanga Sibugay
10.9142,121.9947,Antique
14.7678,120.5431,Bataan
15.5797,121.1864,Nueva Ecija
10.83,124.0,Cebu
9.92,123.15,Negros Oriental
16.026,120.454,Pangasinan
16.9,120.42,La Union
16.6044,121.2521,Nueva Vizcaya
5.9676,121.3133,Sulu
13.235,123.7769,Albay
7.95,124.233,Lanao del Sur
14.6883,120.9761,Metro Manila
14.9742,120.1573,Zambales
15.8524,120.3976,Pangasinan
8.07,123.5372,Zamboanga del Sur
13.3231,122.6761,Quezon
12.1414,125.4392,Eastern Samar
14.9486,120.0864,Zambales
12.8283,123.8344,Sorsogon
7.4176,122.837,Zamboanga Sibugay
4.6615,119.3919,Tawi-Tawi
16.85,120.38,La Union
16.8567,120.7933,Benguet
17.5839,120.3908,Ilocos Sur
8.3128,124.6873,Bukidnon
5.2667,120.0833,Tawi-Tawi
9.95,123.4,Cebu
10.0654,125.5968,Dinagat Islands
11.0697,122.6567,Iloilo
8.5161,123.0917,Zamboanga del Norte
13.6039,123.5233,Camarines Sur
9.02,125.18,Misamis Oriental
17.5622,121.7011,Cagayan
16.9918,121.6357,Isabela
12.34,125.032,Northern Samar
6.3,120.58,Sulu
7.6161,123.3378,Zamboanga del Sur
8.0772,125.2992,Bukidnon
8.2517,123.1144,Zamboanga del Norte
13.8988,121.0505,Batangas
14.3314,122.4928,Camarines Norte
13.6481,123.1711,Camarines Sur
13.32,121.85,Marinduque
11.0611,124.9031,Leyte
13.83,120.93,Batangas
13.18,124.13,Albay
7.4706,124.3561,Maguindanao del Norte
7.98,122.4,Zamboanga del Norte
7.2928,122.0669,Zamboanga del Norte
7.47,124.25,Maguindanao del Norte
9.5742,125.7328,Surigao del Norte
14.5639,121.0263,Metro Manila
11.7206,122.0961,Antique
13.9,121.3,Quezon
9.65,124.37,Bohol
11.7042,122.3289,Aklan
18.4589,122.1419,Cagayan
8.92,125.02,Misamis Oriental
12.8731,124.0081,Sorsogon
12.57,124.93,Northern Samar
13.1439,121.44,Oriental Mindoro
15.8103,120.4756,Pangasinan
14.68,120.2683,Bataan
12.8478,123.9894,Sorsogon
14.6514,121.08,Metro Manila
12.013,124.8118,Samar
18.227,121.5556,Cagayan
8.5,125.74,Agusan del Sur
13.4448,120.726,Occidental Mindoro
6.5986,125.3436,Davao del Sur
8.0381,126.4127,Surigao del Sur
10.0795,124.3432,Bohol
11.4728,123.0878,Iloilo
10.67,122.32,Iloilo
7.9758,124.0636,Lanao del Norte
7.5857,122.8022,Zamboanga Sibugay
14.1286,120.9058,Cavite
10.78,122.58,Iloilo
11.0447,122.0647,Antique
11.07,122.62,Iloilo
18.4441,121.4576,Cagayan
8.0527,123.6136,Misamis Occidental
7.8474,123.0423,Zamboanga del Sur
13.48,121.87,Marinduque
14.475,121.425,Laguna
11.32,124.73,Leyte
18.4108,121.5169,Cagayan
11.15,123.8,Cebu
10.2229,123.5491,Cebu
5.134,120.3461,Tawi-Tawi
17.5731,121.3653,Kalinga
5.97,121.2,Sulu
4.898,119.8213,Tawi-Tawi
4.85,119.47,Tawi-Tawi
14.7631,121.635,Quezon
15.9808,120.7003,Pangasinan
6.9844,124.3564,Maguindanao del Sur
16.0333,120.55,Pangasinan
9.762,124.488,Bohol
17.02,121.63,Isabela
9.3356,125.9769,Surigao del Sur
10.8331,122.0875,Antique
12.547,125.116,Northern Samar
14.354,121.324,Rizal
6.8647,124.4417,Maguindanao del Sur
15.9844,120.815,Pangasinan
13.5956,123.1781,Camarines Sur
8.82,125.69,Agusan del Sur
8.5,124.3167,Misamis Oriental
13.7908,122.9092,Camarines Sur
8.633,126.0932,Surigao del Sur
11.3067,124.3714,Leyte
14.5319,120.9942,Metro Manila
11.38,122.63,Capiz
10.5178,121.945,Antique
17.02,121.85,Isabela
10.67,123.95,Cebu
7.6003,124.9097,Bukidnon
11.2944,124.6419,Leyte
8.0328,123.3147,Zamboanga del Sur
6.7669,124.85,Maguindanao del Sur
6.8361,126.0889,Davao Oriental
7.82,124.32,Lanao del Sur
5.0899,120.2729,Tawi-Tawi
16.5103,121.5222,Quirino
6.7,124.93,Sultan Kudarat
10.5281,119.2542,Palawan
18.2519,120.6107,Ilocos Norte
11.5853,122.4981,Aklan
10.15,124.15,Bohol
11.05,122.78,Iloilo
18.2306,120.6489,Ilocos Norte
16.3075,121.1019,Nueva Vizcaya
5.53,120.75,Sulu
15.98,121.63,Aurora
9.88,123.88,Bohol
7.82,123.37,Zamboanga del Sur
15.6203,120.3775,Tarlac
10.28,124.8,Leyte
7.6911,122.9853,Zamboanga Sibugay
7.92,124.2,Lanao del Sur
17.9267,120.4754,Ilocos Norte
14.0157,121.4011,Quezon
14.297,121.459,Laguna
15.3531,121.0017,Nueva Ecija
9.9797,123.1999,Negros Oriental
17.2086,121.6106,Isabela
10.72,122.27,Iloilo
12.408,125.054,Northern Samar
8.5714,124.4751,Misamis Oriental
18.2882,121.8331,Cagayan
8.1075,122.7575,Zamboanga del Norte
7.9,123.85,Lanao del Norte
13.98,124.13,Catanduanes
7.879,124.333,Lanao del Sur
7.6317,123.0322,Zamboanga Sibugay
16.9917,120.8644,Mountain Province
8.3003,123.5083,Zamboanga del Norte
14.72,121.95,Quezon
18.6061,121.0822,Cagayan
15.8086,121.1433,Nueva Ecija
16.35,120.42,La Union
11.4214,122.6662,Capiz
11.4467,124.4278,Leyte
10.9098,124.5376,Leyte
11.23,122.93,Iloilo
14.5951,120.3918,Bataan
15.9896,119.8805,Pangasinan
7.5297,123.3661,Zamboanga del Sur
17.685,120.4244,Ilocos Sur
11.5217,122.6908,Capiz
11.4297,122.9247,Capiz
17.1811,121.4036,Mountain Province
7.5853,122.1406,Zamboanga del Norte
13.7394,122.4675,Quezon
7.85,124.35,Lanao del Sur
6.65,121.87,Basilan
8.28,125.81,Agusan del Sur
7.8269,124.1034,Lanao del Sur
15.02,120.08,Zambales
11.42,124.35,Leyte
16.4889,121.5874,Quirino
13.3167,123.2333,Camarines Sur
17.05,121.83,Isabela
13.9592,121.1126,Batangas
10.9785,122.7531,Iloilo
13.32,122.08,Marinduque
7.9,124.4,Lanao del Sur
15.63,119.93,Zambales
8.05,124.15,Lanao del Norte
8.74,125.6,Agusan del Norte
12.5756,120.9428,Occidental Mindoro
8.0,124.2,Lanao del Sur
9.818,124.496,Bohol
7.67,124.15,Lanao del Sur
10.52,122.8,Negros Occidental
10.78,122.47,Iloilo
11.3039,122.6214,Capiz
11.5553,122.3792,Aklan
17.7517,121.7364,Cagayan
9.2,123.27,Negros Oriental
17.3719,120.4814,Ilocos Sur
15.9,120.7,Pangasinan
8.87,124.8,Misamis Oriental
16.1161,119.8027,Pangasinan
17.32,121.78,Isabela
12.533,124.867,Northern Samar
6.63,125.35,Davao del Sur
7.53,124.12,Lanao del Sur
14.6,120.983,Metro Manila
15.72,121.52,Aurora
10.35,124.97,Southern Leyte
16.98,121.95,Isabela
11.712,122.2922,Aklan
10.08,124.12,Bohol
12.5683,123.7336,Masbate
18.3342,120.6183,Ilocos Norte
14.5602,121.0615,Metro Manila
9.657,125.6016,Surigao del Norte
5.18,120.48,Tawi-Tawi
9.1,123.199,Negros Oriental
8.3281,124.9783,Bukidnon
7.7478,123.1442,Zamboanga del Sur
8.4042,124.2867,Misamis Oriental
13.88,123.7,Camarines Sur
12.53,124.33,Northern Samar
14.6622,121.0331,Metro Manila
15.54,120.7619,Nueva Ecija
9.55,123.4,Cebu
8.08,124.08,Lanao del Norte
10.4,125.2,Southern Leyte
14.936,120.623,Pampanga
5.7,120.82,Sulu
17.6414,120.4108,Ilocos Sur
9.7578,126.0528,Surigao del Norte
6.8348,124.4581,Maguindanao del Sur
14.5033,121.0031,Metro Manila
9.18,123.58,Siquijor
8.3333,123.8333,Misamis Occidental
10.85,123.9,Cebu
8.4428,123.0219,Zamboanga del Norte
12.4739,123.4982,Masbate
11.4207,124.8434,Leyte
11.2892,122.0342,Antique
9.865,124.523,Bohol
9.83,124.33,Bohol
9.27,125.56,Agusan del Norte
15.0,121.08,Bulacan
8.2472,123.8424,Misamis Occidental
17.8861,121.5691,Cagayan
9.42,122.63,Negros Oriental
10.28,125.13,Southern Leyte
9.6097,124.208,Bohol
15.7975,120.6072,Tarlac
7.0178,124.4974,Maguindanao del Sur
11.48,122.3,Aklan
8.1144,123.8971,Lanao del Norte
14.64,121.0461,Metro Manila
15.13,120.15,Zambales
7.793,124.192,Lanao del Sur
9.5369,125.5231,Surigao del Norte
11.3428,122.6714,Capiz
8.4146,123.8228,Misamis Occidental
17.0018,121.7863,Isabela
16.9872,121.8272,Isabela
14.1463,121.4729,Laguna
14.4828,120.8958,Cavite
15.38,121.4,Aurora
7.4263,122.8084,Zamboanga Sibugay
12.388,124.331,Northern Samar
10.6072,124.9636,Leyte
14.2,121.43,Laguna
7.6325,123.1914,Zamboanga del Sur
8.1514,122.9244,Zamboanga del Norte
17.8086,121.2889,Apayao
7.4536,123.3133,Zamboanga del Sur
11.57,124.93,Samar
12.1464,123.9219,Masbate
13.75,122.13,Quezon
10.82,122.6,Iloilo
8.0053,123.4869,Zamboanga del Sur
14.1356,122.9244,Camarines Norte
7.8994,124.3481,Lanao del Sur
10.986,122.5369,Iloilo
16.87,121.77,Isabela
17.3119,121.605,Isabela
7.0491,126.4471,Davao Oriental
14.5164,120.9889,Metro Manila
13.865,121.0063,Batangas
12.0378,124.6578,Samar
16.0339,120.1392,Pangasinan
13.6619,123.1903,Camarines Sur
8.5361,124.8808,Bukidnon
8.03,124.27,Lanao del Sur
11.4939,122.6047,Capiz
17.7431,120.4583,Ilocos Sur
10.13,124.38,Bohol
10.8,124.93,Leyte
7.6578,123.4597,Zamboanga del Sur
8.0667,124.2667,Lanao del Norte
10.0797,124.9431,Southern Leyte
11.1429,122.0417,Antique
16.28,122.12,Aurora
14.5777,121.0337,Metro Manila
8.02,124.48,Lanao del Sur
7.853,124.119,Lanao del Sur
16.3583,120.8861,Nueva Vizcaya
16.0697,119.94,Pangasinan
7.98,126.03,Agusan del Sur
13.9233,122.5961,Camarines Sur
10.0083,125.5889,Dinagat Islands
8.58,124.45,Misamis Oriental
6.7411,124.7827,Maguindanao del Sur
17.4478,121.795,Isabela
15.8208,119.9083,Pangasinan
16.6517,121.2178,Ifugao
10.629,124.407,Cebu
18.5611,121.2344,Cagayan
13.1235,123.8693,Albay
9.82,124.28,Bohol
7.6119,125.0028,Bukidnon
13.25,121.95,Marinduque
17.07,121.7,Isabela
17.8667,120.4583,Ilocos Sur
17.1222,120.4494,Ilocos Sur
7.8,124.17,Lanao del Sur
12.52,124.57,Northern Samar
9.618,125.966,Surigao del Norte
9.16,125.52,Agusan del Norte
14.6603,121.03,Metro Manila
15.6248,120.648,Tarlac
16.0422,120.7953,Pangasinan
8.9917,124.8833,Misamis Oriental
17.47,121.75,Isabela
7.4655,123.4086,Zamboanga del Sur
11.9,124.75,Samar
11.5383,122.4869,Aklan
9.7243,123.3402,Cebu
12.1335,119.9363,Palawan
6.53,122.17,Basilan
9.4644,123.2237,Negros Oriental
8.55,123.7667,Misamis Occidental
13.8413,121.9752,Quezon
7.12,124.38,Maguindanao del Norte
16.22,121.6,Quirino
10.0,124.32,Bohol
15.7789,120.8111,Nueva Ecija
18.2756,121.6756,Cagayan
12.5013,124.282,Northern Samar
18.1578,120.6447,Ilocos Norte
12.644,123.6648,Masbate
18.5614,120.7878,Ilocos Norte
14.6179,121.0558,Metro Manila
13.6208,123.1656,Camarines Sur
15.0619,120.07,Zambales
14.4,121.47,Laguna
17.1356,121.735,Isabela
18.0625,120.5203,Ilocos Norte
14.37,121.48,Laguna
12.1933,123.8583,Masbate
9.3431,125.5156,Agusan del Norte
18.0961,120.7725,Ilocos Norte
17.7919,121.4769,Cagayan
13.6881,122.1708,Quezon
10.1614,125.1303,Southern Leyte
18.4661,121.3425,Cagayan
7.884,124.172,Lanao del Sur
14.328,121.48,Laguna
6.6,122.2,Basilan
5.8444,121.1439,Sulu
8.03,123.78,Lanao del Norte
7.9761,122.6639,Zamboanga del Norte
14.28,120.72,Cavite
14.8436,121.9697,Quezon
9.3683,125.9494,Surigao del Sur
17.4,121.77,Isabela
11.6431,122.3072,Aklan
14.5403,121.0961,Metro Manila
9.6144,124.2946,Bohol
7.97,124.35,Lanao del Sur
9.8957,124.4415,Bohol
8.1892,124.0238,Lanao del Norte
9.92,124.1,Bohol
10.88,122.6,Iloilo
8.1917,124.0847,Lanao del Norte
8.8,124.78,Misamis Oriental
10.42,122.85,Negros Occidental
12.32,122.6,Romblon
11.57,124.58,Biliran
12.5689,122.1314,Romblon
17.09,120.9772,Mountain Province
14.02,121.1,Batangas
16.4894,121.2639,Nueva Vizcaya
10.93,122.58,Iloilo
14.245,121.507,Laguna
14.18,120.8,Cavite
12.7522,124.1356,Sorsogon
13.9283,120.951,Batangas
14.18,120.75,Cavite
7.9051,122.5279,Zamboanga del Norte
9.83,124.03,Bohol
14.73,120.9961,Metro Manila
7.8088,122.1452,Zamboanga del Norte
9.82,122.6,Negros Occidental
16.0465,119.8568,Pangasinan
11.8836,124.0497,Masbate
11.7775,122.2603,Aklan
10.121,124.553,Bohol
10.53,119.77,Palawan
14.38,121.48,Laguna
10.85,121.02,Palawan
13.9226,121.8116,Quezon
14.4974,121.0555,Metro Manila
12.38,125.3,Northern Samar
11.1961,122.0389,Antique
8.15,123.97,Lanao del Norte
11.63,125.02,Samar
14.6629,120.969,Metro Manila
12.37,122.68,Romblon
10.15,125.0,Southern Leyte
8.5583,123.6417,Misamis Occidental
11.8944,120.0186,Palawan
9.0,125.26,Agusan del Norte
16.4316,120.3446,La Union
10.78,122.3,Iloilo
15.6667,120.6417,Tarlac
13.87,124.3,Catanduanes
8.7437,126.2214,Surigao del Sur
9.783,126.156,Surigao del Norte
13.785,122.0881,Quezon
7.785,124.256,Lanao del Sur
7.7239,124.3011,Lanao del Sur
13.0408,124.1931,Sorsogon
13.71,123.745,Camarines Sur
14.5277,121.0766,Metro Manila
5.412,125.422,Davao Occidental
9.128,123.634,Siquijor
18.1647,120.7172,Ilocos Norte
9.6227,123.9135,Bohol
8.4333,124.3,Misamis Oriental
9.02,125.52,Agusan del Norte
14.5842,121.0729,Metro Manila
9.75,123.85,Bohol
11.42,123.12,Iloilo
11.15,125.67,Eastern Samar
11.1856,124.9161,Leyte
16.52,121.75,Isabela
7.88,124.07,Lanao del Sur
10.4325,121.9253,Antique
9.42,123.23,Negros Oriental
9.5947,125.6975,Surigao del Norte
12.2605,121.9926,Romblon
13.6,124.3,Catanduanes
8.9181,126.3017,Surigao del Sur
7.735,123.3231,Zamboanga del Sur
12.0,125.45,Eastern Samar
7.8205,123.2277,Zamboanga del Sur
12.4858,123.7628,Masbate
10.8356,124.9964,Leyte
7.8509,123.1542,Zamboanga del Sur
13.8664,120.9814,Batangas
11.4719,124.575,Biliran
14.05,124.17,Catanduanes
11.4125,125.5458,Eastern Samar
10.5,124.75,Leyte
18.3311,121.3725,Apayao
14.6442,121.0636,Metro Manila
9.46,125.58,Surigao del Norte
14.43,121.42,Laguna
8.18,124.17,Northern Mindanao
16.2842,121.0917,Nueva Vizcaya
9.97,124.02,Bohol
14.6403,121.0744,Metro Manila
16.9789,121.3272,Ifugao
10.0003,123.4095,Cebu
12.8694,124.1419,Sorsogon
14.7381,120.9978,Metro Manila
16.7244,121.81,Isabela
14.185,121.5109,Laguna
10.4339,124.7278,Leyte
5.7167,120.9,Sulu
11.0633,125.0353,Leyte
16.97,121.73,Isabela
16.9119,121.0614,Ifugao
8.08,124.4,Lanao del Sur
8.3411,124.2592,Misamis Oriental
14.5587,121.0446,Metro Manila
14.6,120.967,Metro Manila
8.55,123.57,Misamis Occidental
8.03,123.92,Lanao del Norte
11.7,124.37,Biliran
9.5288,123.3064,Cebu
14.4817,121.0425,Metro Manila
10.02,124.27,Bohol
8.4822,123.45,Zamboanga del Norte
9.869,125.97,Surigao del Norte
16.6067,121.1828,Nueva Vizcaya
11.0036,122.1294,Antique
7.93,124.38,Lanao del Sur
9.92,124.28,Bohol
7.65,123.2678,Zamboanga del Sur
9.65,123.33,Cebu
11.2942,124.83,Leyte
8.2854,123.8436,Misamis Occidental
17.5469,120.3831,Ilocos Sur
18.2519,121.91,Cagayan
17.5,121.6,Kalinga
17.2947,120.4453,Ilocos Sur
16.9917,120.7333,Ilocos Sur
8.8008,126.2983,Surigao del Sur
16.4764,120.6333,Benguet
14.0219,123.2589,Camarines Sur
11.13,124.88,Leyte
11.8438,121.8888,Aklan
16.9961,120.8208,Mountain Province
16.28,120.48,La Union
14.48,120.9011,Cavite
17.9806,120.6544,Ilocos Norte
16.5764,120.6053,Benguet
14.6506,121.0014,Metro Manila
13.7275,123.1142,Camarines Sur
16.66,121.3686,Nueva Vizcaya
16.6272,120.7672,Benguet
